	user	sex	age	avr_age_user_1grams	avr_age_user_2grams	avr_age_user_3grams	avr_sex_user_1grams	avr_sex_user_2grams	avr_sex_user_3grams
0	4905cc7a1396110c1a635c4e7b023de2	FEMALE	"50-64
"	0.42592592592592593	0.07407407407407407	0.05555555555555555	0.5277777777777778	0.10185185185185185	0.0
1	6733b2957179358024cc5c493f28924a	MALE	"50-64
"	1.2727272727272727	0.12727272727272726	0.01818181818181818	1.3909090909090909	0.19090909090909092	0.0
2	9aa58b658935d017e0827d1b42e75596	MALE	"18-24
"	0.7211634904714143	0.23971915747241726	0.033099297893681046	0.7041123370110332	0.18355065195586762	0.0
3	454904ba35745fd0499f229c4b3e851c	FEMALE	"35-49
"	0.6066066066066066	0.15915915915915915	0.014014014014014014	0.5955955955955956	0.16516516516516516	0.0
4	4dc094fb37152396199cb951207bb75d	MALE	"35-49
"	0.6541554959785523	0.08847184986595175	0.002680965147453083	0.6729222520107239	0.09517426273458444	0.0
5	2213767ab6ecc93aa98e0d49cfab5baa	FEMALE	"35-49
"	0.428	0.067	0.02	0.443	0.07	0.0
6	e390535dd8f6e7b8f56c1f45aa365760	MALE	"35-49
"	0.677	0.111	0.006	0.676	0.129	0.0
7	c297b3ecf103e67237c8a42659a178e3	FEMALE	"25-34
"	0.0	0.0	0.0	0.0	0.0	0.0
8	491750704cf57fa285716407272c5a56	MALE	"25-34
"	0.525	0.091	0.017	0.53	0.081	0.0
9	1110e5330c38f208b2887f55f7296235	FEMALE	"50-64
"	0.8518518518518519	0.08148148148148149	0.044444444444444446	0.9481481481481482	0.11851851851851852	0.0
10	3832ba1572727deb24c4969ac0b2587d	FEMALE	"25-34
"	0.8179749715585893	0.22070534698521047	0.04323094425483504	0.8270762229806599	0.18771331058020477	0.0
11	00db29c2dc1d87c8f07b72d753f7f2c0	MALE	"35-49
"	0.689	0.146	0.008	0.7	0.184	0.0
12	25535d379c3ab7f473305ceace304e8c	MALE	"35-49
"	1.267056530214425	0.18518518518518517	0.007797270955165692	1.2592592592592593	0.22417153996101363	0.0
13	11bc4f9bbb9a6a7f1e990281c7e4b29d	MALE	"25-34
"	0.578	0.147	0.019	0.559	0.125	0.0
14	0dc5cd49689cd42b3b9e0786b59165bc	FEMALE	"35-49
"	0.712	0.108	0.018	0.697	0.113	0.0
15	41c74bff447d5397d817074168496fa9	FEMALE	"50-64
"	0.7857142857142857	0.09006211180124224	0.031055900621118012	0.8105590062111802	0.09627329192546584	0.0
16	21a3849c161a739c6c7b557ca39ea04e	FEMALE	"65-xx
"	1.606060606060606	0.20454545454545456	0.16666666666666666	1.9242424242424243	0.25757575757575757	0.0
17	81fd1684d9e48e7dfb3f389e4f0781db	FEMALE	"25-34
"	0.5425425425425425	0.19119119119119118	0.044044044044044044	0.5215215215215215	0.15815815815815815	0.0
18	a837091210532f5e37916bba89654b2d	MALE	"50-64
"	0.648	0.066	0.005	0.642	0.083	0.0
19	07d5234843a6d62ae0db4dbcca854c43	FEMALE	"35-49
"	0.658351409978308	0.15292841648590022	0.02386117136659436	0.6952277657266811	0.15726681127982647	0.0
20	36b2593435e1bed13eb138c1973c13ed	MALE	"50-64
"	0.7966292134831461	0.17640449438202246	0.008988764044943821	0.797752808988764	0.23146067415730337	0.0
21	084693fa3e344e2b5adde98331f2f549	FEMALE	"50-64
"	0.9761092150170648	0.1689419795221843	0.015358361774744027	1.0341296928327646	0.2030716723549488	0.0
22	44831f81bb84afa6999392849b85b4f4	FEMALE	"35-49
"	2.361904761904762	0.1523809523809524	0.047619047619047616	2.276190476190476	0.1523809523809524	0.0
23	60959f926480ec1e4a3c8c41071779a1	FEMALE	"50-64
"	1.475	0.1	0.0	1.5	0.0875	0.0
24	8d3d3a9d09bea220b5a99945f57c2910	FEMALE	"25-34
"	0.68	0.205	0.019	0.65	0.163	0.0
25	9f66d67322dbc62a5b6ff42867bc3fe1	MALE	"35-49
"	1.1577981651376146	0.13211009174311927	0.009174311926605505	1.1706422018348623	0.163302752293578	0.0
26	52d582497ed56183efaf715e3988b628	FEMALE	"35-49
"	1.1153846153846154	0.07692307692307693	0.057692307692307696	1.1346153846153846	0.07692307692307693	0.0
27	3de105c51ab70cbf61df2b36fb5a0fd4	FEMALE	"35-49
"	0.6346381969157769	0.11862396204033215	0.01542111506524318	0.6488730723606169	0.11862396204033215	0.0
28	9329caf2caea60408f9991da66026e3d	MALE	"35-49
"	0.634469696969697	0.07386363636363637	0.001893939393939394	0.6534090909090909	0.08712121212121213	0.0
29	44be30b800f13facaed7cda823976bf1	FEMALE	"25-34
"	0.4185336048879837	0.07841140529531568	0.018329938900203666	0.40427698574338083	0.06517311608961303	0.0
30	cefc4df9c5692bdf3d27d2195211c637	FEMALE	"50-64
"	0.786046511627907	0.09186046511627907	0.0011627906976744186	0.8162790697674419	0.1186046511627907	0.0
31	130f9ea58dcdaec12e6faf6d51aef8e9	FEMALE	"35-49
"	1.7647058823529411	0.22058823529411764	0.058823529411764705	1.7058823529411764	0.16176470588235295	0.0
32	a8f097700706d240901444bd6bb1813f	MALE	"35-49
"	0.573729863692689	0.07187112763320942	0.01486988847583643	0.5786864931846345	0.08178438661710037	0.0
33	623a80d7f12ba40bcfa0f02bda2623ba	MALE	"50-64
"	1.2808988764044944	0.05056179775280899	0.0	1.3595505617977528	0.06741573033707865	0.0
34	115e7b931be3d52d35cb8ce2da09a1d7	MALE	"18-24
"	0.8	0.16375	0.00875	0.79875	0.16	0.0
35	f97b2cf731bc770023edc37b30c95edd	FEMALE	"35-49
"	1.132	0.112	0.028	1.12	0.1	0.0
36	5ebce49735b6f475f3825250bb0fb3cd	MALE	"25-34
"	0.6212574850299402	0.06287425149700598	0.016467065868263474	0.6332335329341318	0.06287425149700598	0.0
37	7cfe79b18ed7822cea15381e189cac9a	MALE	"25-34
"	0.7526766595289079	0.18843683083511778	0.022483940042826552	0.7259100642398287	0.15845824411134904	0.0
38	6f234b4a1744e80f260f5684433f8598	MALE	"50-64
"	1.7	0.15	0.02	1.66	0.15	0.0
39	9a2f7bc0677bca12725e25d12dae66d9	FEMALE	"35-49
"	0.7200413223140496	0.12706611570247933	0.005165289256198347	0.71900826446281	0.12913223140495866	0.0
40	b040812b4f65cc449ec54699ac764181	MALE	"35-49
"	0.6698369565217391	0.12771739130434784	0.017663043478260868	0.6711956521739131	0.13043478260869565	0.0
41	a1b53e143dcf8699338077548906cb4b	FEMALE	"25-34
"	1.1554621848739495	0.19327731092436976	0.012605042016806723	1.1470588235294117	0.15126050420168066	0.0
42	349e5b801890b1b707635e4970958102	FEMALE	"50-64
"	0.766743648960739	0.1374133949191686	0.03002309468822171	0.7944572748267898	0.1605080831408776	0.0
43	1575e7e1e9b9783b6376c7320dd7658d	MALE	"35-49
"	0.7517517517517518	0.13213213213213212	0.004004004004004004	0.7617617617617618	0.15015015015015015	0.0
44	47b9e169b20239e563053af72876a791	MALE	"50-64
"	0.569	0.074	0.013	0.568	0.096	0.0
45	83ff5fb44444da7a570577d8cca44cb9	MALE	"18-24
"	0.744	0.189	0.016	0.785	0.169	0.0
46	717be9f4b9f1232c9302e3e3eff2239c	MALE	"35-49
"	0.5634588563458857	0.08368200836820083	0.022315202231520222	0.5509065550906556	0.08368200836820083	0.0
47	24620ebc09712f80a6ab85b877693691	FEMALE	"18-24
"	0.8056930693069307	0.2400990099009901	0.05693069306930693	0.7735148514851485	0.16336633663366337	0.0
48	1490b985d1bd935ac5973e648c207955	FEMALE	"35-49
"	0.704	0.134	0.005	0.678	0.137	0.0
49	9cd9ebf839bf6c5989644b464423cf89	FEMALE	"25-34
"	0.6907216494845361	0.08247422680412371	0.010309278350515464	0.6649484536082474	0.08247422680412371	0.0
50	19c58d966c96158d1f04032878cba482	FEMALE	"35-49
"	2.6527777777777777	0.375	0.05555555555555555	2.7083333333333335	0.3333333333333333	0.0
51	7a9c09bc841cddf568c10203a19bbee8	FEMALE	"35-49
"	0.543859649122807	0.05921052631578947	0.0	0.5570175438596491	0.046052631578947366	0.0
52	a72ba4d0b435894d77745d8f3a779337	MALE	"35-49
"	0.643	0.094	0.011	0.654	0.107	0.0
53	b389d717abaff153ae94d2c27d58ce21	FEMALE	"25-34
"	3.1538461538461537	0.4423076923076923	0.0	3.076923076923077	0.34615384615384615	0.0
54	cd0da710afd5760211b51fccf55cebc0	MALE	"25-34
"	0.597	0.129	0.019	0.616	0.119	0.0
55	61244154e362cece7e2d3c1139948bde	FEMALE	"25-34
"	0.704	0.164	0.033	0.696	0.147	0.0
56	d3fbad0a96845119d5dbd0e772c9fe53	MALE	"50-64
"	0.6548387096774193	0.054838709677419356	0.012903225806451613	0.6451612903225806	0.05161290322580645	0.0
57	2fe79a680117c0471f04f0e15574ff32	MALE	"25-34
"	0.7217391304347827	0.1565217391304348	0.021739130434782608	0.7	0.1144927536231884	0.0
58	71c28d43f222e37b10a8bb25c32f769b	MALE	"35-49
"	0.75	0.139	0.003	0.76	0.168	0.0
59	4e100982097898ed43731519079b2624	FEMALE	"35-49
"	1.1129032258064515	0.11290322580645161	0.008064516129032258	1.0887096774193548	0.10483870967741936	0.0
60	f19aeb556421957a652607f44cd0618d	MALE	"25-34
"	0.647	0.185	0.018	0.64	0.154	0.0
61	da115f57c51dfd62696dc17819c89c69	FEMALE	"50-64
"	1.1329113924050633	0.13291139240506328	0.02531645569620253	1.1075949367088607	0.14556962025316456	0.0
62	29b30793758d86f7106cd2f075389aeb	FEMALE	"25-34
"	2.6136363636363638	0.5113636363636364	0.18181818181818182	2.625	0.3977272727272727	0.0
63	30d04c264517f10e8bc1ff1fa85cc171	MALE	"35-49
"	0.4817073170731707	0.07113821138211382	0.051829268292682924	0.4867886178861789	0.07113821138211382	0.0
64	07011b7672dfa64896c4c7b1b41ef95d	FEMALE	"35-49
"	1.9666666666666666	0.26666666666666666	0.13333333333333333	1.9	0.3	0.0
65	bca317bab408efbfb850aaf055948e47	FEMALE	"35-49
"	0.649	0.13	0.015	0.663	0.132	0.0
66	596e9d456290a697768556b7138a6785	FEMALE	"25-34
"	0.5610328638497653	0.11032863849765258	0.009389671361502348	0.5469483568075117	0.09154929577464789	0.0
67	60b7e6f9392c51d9c5ac9322ffd55e34	FEMALE	"25-34
"	0.744908896034298	0.21543408360128619	0.010718113612004287	0.7556270096463023	0.16934619506966775	0.0
68	5669fee8a5a0f3379e0bf9821d06b886	MALE	"35-49
"	0.6919191919191919	0.1101010101010101	0.0030303030303030303	0.695959595959596	0.13131313131313133	0.0
69	0cd4619d5395966996a64d0dd25ab76a	MALE	"25-34
"	0.6586102719033232	0.1042296072507553	0.006042296072507553	0.6661631419939577	0.09214501510574018	0.0
70	11a689d54c4af2394bc91b4003e527f3	MALE	"35-49
"	0.699	0.12	0.035	0.693	0.123	0.0
71	ca59762fccbeb8a73f349c99a256a220	MALE	"35-49
"	0.6977911646586346	0.12751004016064257	0.050200803212851405	0.6997991967871486	0.11044176706827309	0.0
72	b4f536c8c69f0fa770a87a84df93ff00	FEMALE	"35-49
"	0.689	0.098	0.018	0.69	0.103	0.0
73	4271744f41e075073f75870f64e15ed9	FEMALE	"25-34
"	0.4847870182555781	0.12271805273833672	0.06288032454361055	0.4766734279918864	0.09634888438133875	0.0
74	5041977a41240fa87c06e5d98500921a	FEMALE	"50-64
"	1.125	0.0625	0.020833333333333332	1.1458333333333333	0.10416666666666667	0.0
75	15510d987ae1b8906090db1a62efc5f0	MALE	"35-49
"	0.26194398682042835	0.04942339373970346	0.004942339373970346	0.2685337726523888	0.08731466227347612	0.0
76	01af1cc8a0aad1ba7d237d1144338bc6	FEMALE	"25-34
"	0.6275773195876289	0.14175257731958762	0.014175257731958763	0.5992268041237113	0.1211340206185567	0.0
77	49bdb7f4175a6af1a20fb87610e938dd	MALE	"35-49
"	0.679	0.123	0.009	0.699	0.135	0.0
78	c330c997feb912afba713bad6bba2dcb	FEMALE	"25-34
"	1.042857142857143	0.24285714285714285	0.2	1.0142857142857142	0.18571428571428572	0.0
79	da0d0e3527b931bb0bc6f5435003ea2a	MALE	"25-34
"	0.552	0.152	0.012	0.527	0.13	0.0
80	7ef4b07863703ef906a27c6cc1ef2cf1	MALE	"25-34
"	0.7090909090909091	0.09848484848484848	0.012121212121212121	0.7439393939393939	0.11363636363636363	0.0
81	a959267774764d936d94ee292e992fa0	FEMALE	"35-49
"	1.2333333333333334	0.16666666666666666	0.0	1.2	0.1	0.0
82	ebe3d72e3e5ee4a2bb39ebe437ad1235	FEMALE	"35-49
"	0.0	0.0	0.0	0.0	0.0	0.0
83	2a51019ad188fecb32cc429c4b4895ed	MALE	"50-64
"	1.2586558044806517	0.21384928716904278	0.014256619144602852	1.2871690427698574	0.23014256619144602	0.0
84	15bfa35315fb53d6d2116e103e744db2	MALE	"35-49
"	0.8326446280991735	0.08264462809917356	0.002066115702479339	0.8367768595041323	0.11363636363636363	0.0
85	361a5b6f327d74344f0f8c4cd7c27970	MALE	"25-34
"	0.38372093023255816	0.06540697674418605	0.01744186046511628	0.38372093023255816	0.06540697674418605	0.0
86	a69ad6efd8ad2bdd8f82cff2a211246c	MALE	"18-24
"	0.7865566037735849	0.27240566037735847	0.1320754716981132	0.777122641509434	0.18278301886792453	0.0
87	74e478007dff9ad57d9457ad742d56af	MALE	"35-49
"	0.651	0.116	0.007	0.665	0.128	0.0
88	6904623191a2ed14d61525633a5f5745	MALE	"35-49
"	0.6286644951140065	0.08794788273615635	0.009771986970684038	0.6465798045602605	0.09609120521172639	0.0
89	94caf93e855189a05d5b447b0a283b97	MALE	"35-49
"	0.48598130841121495	0.07476635514018691	0.007009345794392523	0.5023364485981309	0.11682242990654206	0.0
90	5d37a3f93178969523645e39a0cc8765	MALE	"35-49
"	0.714	0.13	0.007	0.729	0.153	0.0
91	15da7a31e797260960cbf04350085241	FEMALE	"25-34
"	1.0526315789473684	0.10526315789473684	0.07894736842105263	1.0526315789473684	0.09210526315789473	0.0
92	ef8f4e9239e3511c06872ab3cd2f353d	MALE	"35-49
"	0.528	0.12	0.037	0.517	0.106	0.0
93	6a377f646423ce1136bce7906e225e6a	FEMALE	"35-49
"	1.4516129032258065	0.1935483870967742	0.0	1.4516129032258065	0.1935483870967742	0.0
94	d06938831492a48c70d30cebf98f7376	FEMALE	"25-34
"	0.643	0.135	0.006	0.629	0.124	0.0
95	439c1284e6c3d9000f1ac2ac4df45641	FEMALE	"35-49
"	0.748	0.148	0.007	0.753	0.158	0.0
96	8de2105c1c2af55efadd26c38d57a6d7	FEMALE	"35-49
"	1.155	0.095	0.025	1.135	0.085	0.0
97	1615a8f53c2f674adbec6829fa99e52e	MALE	"35-49
"	0.675	0.123	0.025	0.676	0.121	0.0
98	5c23cde33163f2ad77c2e7a63814811b	FEMALE	"35-49
"	0.661	0.14	0.018	0.669	0.168	0.0
99	54ae8d1820c6f6c78ca29313dc0c0428	FEMALE	"35-49
"	1.0256410256410255	0.10256410256410256	0.0	1.0128205128205128	0.11538461538461539	0.0
100	960c08e2ef0351c0bb50e4a109246880	FEMALE	"25-34
"	0.9791666666666666	0.1111111111111111	0.020833333333333332	0.9652777777777778	0.09722222222222222	0.0
101	2b008cd4452e21f9e8ca50417c27de2a	MALE	"50-64
"	0.689	0.085	0.004	0.747	0.16	0.0
102	52aaad35ca8012830a81d2f5a0799df7	FEMALE	"25-34
"	0.7676348547717843	0.1950207468879668	0.11203319502074689	0.7800829875518672	0.17012448132780084	0.0
103	415e74d3bc6d91f2a623c34b596c1703	FEMALE	"50-64
"	1.4006309148264984	0.19558359621451105	0.04100946372239748	1.4700315457413249	0.22712933753943218	0.0
104	bdf01756be5835c7085edc652e5e166b	MALE	"35-49
"	1.0434173669467788	0.15126050420168066	0.0014005602240896359	1.0630252100840336	0.18907563025210083	0.0
105	5c7304d9543740c317a0d1e0b692b890	MALE	"35-49
"	0.6109660574412533	0.09530026109660575	0.006527415143603133	0.6331592689295039	0.1122715404699739	0.0
106	d320d1ee442f41642f67da69343c1b02	FEMALE	"35-49
"	0.7022132796780685	0.1579476861167002	0.022132796780684104	0.721327967806841	0.1841046277665996	0.0
107	d9ee6cc0a5712fbe4c4d06465ab5b939	MALE	"25-34
"	0.684331797235023	0.16705069124423963	0.016129032258064516	0.7211981566820277	0.16359447004608296	0.0
108	97876a6b94536deb4c5583f9a756ab72	MALE	"18-24
"	0.637	0.17	0.093	0.611	0.119	0.0
109	e1b03a25e9d639ce79cd3779e117b60e	MALE	"50-64
"	0.7209302325581395	0.06976744186046512	0.029069767441860465	0.7151162790697675	0.10465116279069768	0.0
110	247785669a51715032b120566812f2a9	FEMALE	"35-49
"	1.0144628099173554	0.15289256198347106	0.006198347107438017	1.0268595041322315	0.15289256198347106	0.0
111	4687f84cb54bda94350da7f67e51a823	FEMALE	"35-49
"	0.8391521197007481	0.15835411471321695	0.006234413965087282	0.8229426433915212	0.15336658354114713	0.0
112	88d1f93972e3c4462b85bc2fa7a9eaae	MALE	"50-64
"	1.9903846153846154	0.18269230769230768	0.009615384615384616	2.0576923076923075	0.28846153846153844	0.0
113	16ff60e6cd1df70dcfb2de4755089823	MALE	"25-34
"	0.6023316062176166	0.09326424870466321	0.018134715025906734	0.6010362694300518	0.07253886010362694	0.0
114	fa294b42e0f15881bbb29812b5f51be8	FEMALE	"18-24
"	0.8309002433090025	0.26034063260340634	0.049878345498783457	0.8272506082725061	0.2384428223844282	0.0
115	025caf45aaec8db680b23464b930e8bc	FEMALE	"35-49
"	0.7328431372549019	0.11029411764705882	0.007352941176470588	0.7254901960784313	0.11642156862745098	0.0
116	2f5b4f04c75499f11f8d5bf10f1508ee	MALE	"18-24
"	0.5	0.14383561643835616	0.10273972602739725	0.5136986301369864	0.0547945205479452	0.0
117	c9eab45ae20780123384cceb6679946c	FEMALE	"35-49
"	3.0727272727272728	0.3090909090909091	0.0	3.018181818181818	0.23636363636363636	0.0
118	de0f088339eda6d3751034d06ea5845f	FEMALE	"35-49
"	0.53125	0.03125	0.0	0.53125	0.03125	0.0
119	d6f0e6c74ed8fb8972f704f046daf3e1	FEMALE	"25-34
"	0.0	0.0	0.0	0.0	0.0	0.0
120	705094019aa3bee64efd10647d102ecd	FEMALE	"25-34
"	2.2260273972602738	0.4520547945205479	0.0136986301369863	2.3219178082191783	0.3904109589041096	0.0
121	0540e2e4345d415ee85a6fc7314f4536	FEMALE	"50-64
"	1.7210526315789474	0.18421052631578946	0.010526315789473684	1.7263157894736842	0.21052631578947367	0.0
122	b84141d84804efbc9f6760f3df19b6b9	MALE	"35-49
"	0.6624040920716112	0.06649616368286446	0.0038363171355498722	0.6739130434782609	0.08056265984654731	0.0
123	255291fff1e306d3332da3464011ee91	FEMALE	"50-64
"	0.4681724845995893	0.06365503080082136	0.04004106776180698	0.4938398357289528	0.07186858316221766	0.0
124	b94c091c649fa9b7703a9f4a0ffb3304	MALE	"35-49
"	0.6371158392434988	0.06973995271867613	0.0070921985815602835	0.6465721040189125	0.08983451536643026	0.0
125	dd066409a86e37f7ba41ed32fad5fed9	FEMALE	"35-49
"	1.6666666666666667	0.1388888888888889	0.08333333333333333	1.6388888888888888	0.1111111111111111	0.0
126	9e09ba7e55b90376e332cd129de54532	FEMALE	"35-49
"	0.0	0.0	0.0	0.0	0.0	0.0
127	4f853858087bc7aedc4533f70983df45	MALE	"35-49
"	0.4596774193548387	0.07358870967741936	0.02217741935483871	0.4627016129032258	0.08064516129032258	0.0
128	5c83a98f3d8627a98496d9bbcbb97c3f	FEMALE	"18-24
"	0.587	0.179	0.316	0.584	0.052	0.0
129	d7494a26e610ec1f0b0171c755d4fef9	MALE	"50-64
"	0.9566982408660352	0.22462787550744248	0.014884979702300407	0.9891745602165088	0.2571041948579161	0.0
130	d865063bfe8c8dd59b4d542b98e028d1	FEMALE	"35-49
"	0.5166666666666667	0.08518518518518518	0.025925925925925925	0.5425925925925926	0.1	0.0
131	4df797da477178b8c07b7f67055fe1b6	MALE	"35-49
"	0.8753846153846154	0.19538461538461538	0.04923076923076923	0.8692307692307693	0.20461538461538462	0.0
132	2f13a205f26f09c92c2d16633087e5e2	MALE	"25-34
"	0.703	0.176	0.013	0.687	0.148	0.0
133	a143ec21ceafdfef310420026306c32b	FEMALE	"35-49
"	1.4508196721311475	0.11475409836065574	0.01639344262295082	1.3688524590163935	0.08196721311475409	0.0
134	46bce687f790f4688a582da097b604ef	MALE	"25-34
"	0.472	0.09	0.02	0.464	0.069	0.0
135	201f19d94e26eb3737dea8ae5141dff3	MALE	"35-49
"	0.748	0.178	0.01	0.751	0.204	0.0
136	8ce2f0ac07f7d1961e395a526ca35a3a	FEMALE	"25-34
"	0.0	0.0	0.0	0.0	0.0	0.0
137	3d363c460b501243b3cc01c8ef8c7e54	FEMALE	"25-34
"	0.745	0.185	0.031	0.732	0.15	0.0
138	6df62259a7da8075617a9ff97bb265c1	MALE	"35-49
"	1.0148247978436657	0.20080862533692723	0.01078167115902965	1.009433962264151	0.21159029649595687	0.0
139	ebfe51690037acec510b6d10d4e58ea5	MALE	"25-34
"	0.7	0.104	0.007	0.695	0.093	0.0
140	4753ee601fd03f972db901b5c335d3c0	MALE	"35-49
"	0.0	0.0	0.0	0.0	0.0	0.0
141	19a9a1af56559b5d299fae4cbac79a0f	FEMALE	"35-49
"	1.2777777777777777	0.0	0.0	1.5	0.0	0.0
142	9e9ed6f48519eee134596bbcd3274364	FEMALE	"50-64
"	0.356	0.068	0.05	0.339	0.056	0.0
143	0da3490da6546ea6fca9b9a2af035647	MALE	"18-24
"	0.71	0.219	0.033	0.694	0.186	0.0
144	1db47c5c402644d97c51e020d472dffd	FEMALE	"50-64
"	0.6187782805429864	0.08710407239819004	0.058823529411764705	0.6153846153846154	0.08484162895927602	0.0
145	05c65e6d23acd96bcabdd6dfd3ce6dd6	MALE	"35-49
"	0.6340725806451613	0.08064516129032258	0.008064516129032258	0.6401209677419355	0.0846774193548387	0.0
146	9faf9af6f25373fdc722be0e07938a00	FEMALE	"35-49
"	2.080357142857143	0.20535714285714285	0.05357142857142857	2.1607142857142856	0.24107142857142858	0.0
147	fd5b4c852ce49baef7a888198853917c	MALE	"35-49
"	0.736	0.128	0.001	0.761	0.15	0.0
148	ac9bec22ac3b5c33abd7299845283f9f	FEMALE	"65-xx
"	1.0208333333333333	0.08333333333333333	0.0	0.8958333333333334	0.041666666666666664	0.0
149	a127f04a582d64d2fc3a1d14390eccc5	FEMALE	"18-24
"	1.3365384615384615	0.18269230769230768	0.009615384615384616	1.375	0.14423076923076922	0.0
150	99e4aebbe85cd43b556eb49858542e6d	FEMALE	"35-49
"	0.6733870967741935	0.13608870967741934	0.03528225806451613	0.6804435483870968	0.14516129032258066	0.0
151	4061fe4e70fa836d2e5810165166ddcb	FEMALE	"35-49
"	1.3755555555555556	0.18	0.008888888888888889	1.3466666666666667	0.19555555555555557	0.0
152	1e51e1f0ccf130be68b42fdaf201f40e	MALE	"25-34
"	0.8056628056628057	0.20077220077220076	0.01673101673101673	0.8314028314028314	0.1891891891891892	0.0
153	2aef5fe58e8206aefd313324178696c9	FEMALE	"25-34
"	3.4285714285714284	0.4523809523809524	0.09523809523809523	3.4047619047619047	0.4166666666666667	0.0
154	dd44957ee74db121a397cab2b4080379	MALE	"25-34
"	0.775886524822695	0.17446808510638298	0.015602836879432624	0.7631205673758865	0.14326241134751774	0.0
155	becac0d89a5fe1fd565ace075ad52740	FEMALE	"35-49
"	0.6459459459459459	0.07567567567567568	0.02972972972972973	0.6378378378378379	0.05945945945945946	0.0
156	2c3b9d59ebd9cb7abe4665754b1dbd9c	FEMALE	"50-64
"	0.35496957403651114	0.06288032454361055	0.06896551724137931	0.372210953346856	0.04766734279918864	0.0
157	39fbe20fc952cd15ad7c963a9d7f01a5	MALE	"18-24
"	0.23785166240409208	0.09846547314578005	0.030690537084398978	0.22250639386189258	0.0639386189258312	0.0
158	ffe80a44666c1d12f61d0ad47499eb1e	MALE	"50-64
"	1.1571428571428573	0.1357142857142857	0.014285714285714285	1.2	0.12857142857142856	0.0
159	fe3e3e680ba647137f5b47fa931072b3	MALE	"35-49
"	0.9446870451237264	0.18922852983988356	0.010189228529839884	0.9781659388646288	0.2096069868995633	0.0
160	49d61fe719d98c6cbedbd430945336b4	MALE	"35-49
"	0.8210900473933649	0.19075829383886256	0.0071090047393364926	0.8459715639810427	0.20734597156398105	0.0
161	db0a258fa0f6e8b6e008ab9f62a4b58d	FEMALE	"35-49
"	0.7002551020408163	0.11734693877551021	0.008928571428571428	0.6607142857142857	0.10841836734693877	0.0
162	62fce7e595e9d3b9255ba68bc0ca4f67	FEMALE	"35-49
"	0.624	0.097	0.006	0.634	0.107	0.0
163	330afc0d53fa05e546fef9ec5ee76d3d	FEMALE	"25-34
"	0.7945454545454546	0.14181818181818182	0.01090909090909091	0.7945454545454546	0.12	0.0
164	fb5fbb5cef0fd5f64d031b4a39bc4dec	MALE	"35-49
"	0.655	0.1	0.003	0.665	0.13	0.0
165	1fb2a7e3c8ecb108e058848318a0f0c9	FEMALE	"25-34
"	0.9019370460048426	0.21307506053268765	0.013317191283292978	0.8922518159806295	0.162227602905569	0.0
166	4a9c6df0b335c37ef60611c592c3d154	MALE	"25-34
"	0.7218875502008032	0.1857429718875502	0.025100401606425703	0.7329317269076305	0.15562248995983935	0.0
167	491f51cc73a8136a66ecfa5349567d08	MALE	"35-49
"	0.8018181818181818	0.1509090909090909	0.005454545454545455	0.7909090909090909	0.1509090909090909	0.0
168	bf64d7a11ad98d18951a96b2bd82f4f2	FEMALE	"35-49
"	0.2377142857142857	0.054857142857142854	0.025142857142857144	0.23885714285714285	0.04914285714285714	0.0
169	b00d4a7efad641297d13e214a80a00c0	MALE	"35-49
"	0.8812121212121212	0.16727272727272727	0.019393939393939394	0.8787878787878788	0.1987878787878788	0.0
170	5b199184b468e2051dfcc8427b0d3f8f	MALE	"25-34
"	0.663	0.194	0.016	0.651	0.17	0.0
171	de7ec050322b2cb28f5f138747e937b5	MALE	"50-64
"	0.7073760580411125	0.13059250302297462	0.02781136638452237	0.7267230955259976	0.17049576783555018	0.0
172	b29383409886a8f4525b52eb55c7b2e7	MALE	"25-34
"	0.5951903807615231	0.11422845691382766	0.013026052104208416	0.6062124248496994	0.10020040080160321	0.0
173	cc999c5dca2217ae1fa0d417f33fadca	MALE	"50-64
"	0.4382716049382716	0.024691358024691357	0.006172839506172839	0.4660493827160494	0.06790123456790123	0.0
174	d922601b401d0a5c72e4e0fe232f039a	FEMALE	"18-24
"	0.6793066088840737	0.15059588299024917	0.010834236186348862	0.6446370530877573	0.10509209100758396	0.0
175	42e11d56798c7d2eeb401905fd2c43be	FEMALE	"25-34
"	0.6208333333333333	0.16770833333333332	0.013541666666666667	0.6010416666666667	0.13645833333333332	0.0
176	1d5c9e2c52e7810c9d4bab6a1ed0d73f	FEMALE	"25-34
"	0.8343711083437111	0.21046077210460773	0.0112079701120797	0.821917808219178	0.17434620174346202	0.0
177	d55a840544dcbdaa40a72afa5ed94e2f	MALE	"35-49
"	0.579	0.055	0.006	0.586	0.062	0.0
178	153a084dc32a339d356619232f3dea59	MALE	"50-64
"	1.1420233463035019	0.07782101167315175	0.0038910505836575876	1.188715953307393	0.10700389105058365	0.0
179	f09f1914be5fb34479264b1117b41508	MALE	"25-34
"	0.45	0.082	0.01	0.446	0.075	0.0
180	75470794aa1249218c8d5699018560ab	FEMALE	"50-64
"	1.0	0.14211438474870017	0.01733102253032929	1.022530329289428	0.18717504332755633	0.0
181	60d21d384ea52074f685904742b8cd4e	MALE	"35-49
"	0.4807073954983923	0.03858520900321544	0.001607717041800643	0.48392282958199356	0.04662379421221865	0.0
182	833f9711a4e415b8398c8ddffbeac33d	FEMALE	"18-24
"	0.581	0.168	0.022	0.575	0.104	0.0
183	3ddc3d28ab03243984730b5a09efeb48	MALE	"35-49
"	0.6937945066124109	0.11088504577822991	0.00508646998982706	0.7049847405900305	0.12817904374364192	0.0
184	c0c92b0debe3dc52396f9441d3b7bd4d	FEMALE	"25-34
"	0.6591760299625468	0.14481897627965043	0.06991260923845194	0.651685393258427	0.12234706616729088	0.0
185	4de662e0e342a9ded396c7415de91a56	MALE	"35-49
"	0.7613293051359517	0.08610271903323263	0.0015105740181268882	0.7824773413897281	0.1042296072507553	0.0
186	e1be97bb60f62f1399a95c9fcb8f85d7	FEMALE	"25-34
"	0.4523809523809524	0.06349206349206349	0.023809523809523808	0.4523809523809524	0.047619047619047616	0.0
187	7aa419002c37d211fecd08bcbb3fc714	FEMALE	"35-49
"	0.5197368421052632	0.049342105263157895	0.003289473684210526	0.5361842105263158	0.05592105263157895	0.0
188	c3aff41dc71ebbf69d5e15c4f4584aee	MALE	"50-64
"	0.5535535535535535	0.12212212212212212	0.03803803803803804	0.5725725725725725	0.12612612612612611	0.0
189	4392ce5936db3591f713b0171ffd0e17	FEMALE	"50-64
"	0.04716981132075472	0.0047169811320754715	0.0	0.07547169811320754	0.0047169811320754715	0.0
190	0868068f24a5eeb517141bb58e531738	FEMALE	"50-64
"	0.5833333333333334	0.03900709219858156	0.005319148936170213	0.6152482269503546	0.05319148936170213	0.0
191	1b50196b8436f77669bdee925a2c4dfa	FEMALE	"25-34
"	0.9822485207100592	0.126232741617357	0.0	0.9684418145956607	0.09467455621301775	0.0
192	5ee4f3885e087a57d20ce4545d0f15a0	MALE	"25-34
"	0.63	0.151	0.024	0.609	0.123	0.0
193	871f9e9590b7102a0c5021ea30f388d2	MALE	"50-64
"	0.7935222672064778	0.08198380566801619	0.016194331983805668	0.7955465587044535	0.1214574898785425	0.0
194	611d21bbf8ba18cfedb76104c117ff76	MALE	"35-49
"	0.663	0.094	0.024	0.687	0.113	0.0
195	c5c76c3a14f42b09a61cfae383f4e867	MALE	"35-49
"	0.6293436293436293	0.03861003861003861	0.005791505791505791	0.6351351351351351	0.052123552123552123	0.0
196	3316270c2e911fc9ee491dbad386ed4e	MALE	"65-xx
"	0.574	0.618	0.681	0.406	0.066	0.0
197	afbd211ae593ffa10484bfef62b7ba81	MALE	"35-49
"	0.8035714285714286	0.0625	0.004464285714285714	0.828125	0.06696428571428571	0.0
198	278578135bfa56ada28f14085db9307b	FEMALE	"25-34
"	0.84375	0.15625	0.0	0.78125	0.125	0.0
199	82afe6d0e442474805f60abaae33b16d	MALE	"35-49
"	0.685	0.133	0.004	0.698	0.162	0.0
200	ddee9ef7cd0ca20b9fb02c3e0fca4b6c	MALE	"65-xx
"	0.698	0.328	0.279	0.594	0.083	0.0
201	7ef07ccaeb4ab25bb792f4c1261fa6a0	FEMALE	"35-49
"	0.3907815631262525	0.05511022044088176	0.0531062124248497	0.40180360721442887	0.06613226452905811	0.0
202	546e4438c2c05ac53b819a9596c280fc	MALE	"35-49
"	0.288	0.021	0.003	0.293	0.023	0.0
203	677c3fa6f2bf633912df4f0b8ebf0eee	MALE	"25-34
"	0.58	0.162	0.013	0.558	0.138	0.0
204	7c33eec7eb8a8f25ce02dc6289c700c0	FEMALE	"35-49
"	0.54	0.0	0.0	0.5	0.0	0.0
205	9343a615899a7fbd94403d228463f26d	MALE	"35-49
"	0.6106770833333334	0.09895833333333333	0.006510416666666667	0.6145833333333334	0.11197916666666667	0.0
206	33de079e6e90ae26e67de06ac1db9bdb	MALE	"35-49
"	0.7945205479452054	0.1141552511415525	0.02968036529680365	0.7808219178082192	0.12100456621004566	0.0
207	296a65301cfe2b61269c0d2d11922433	FEMALE	"50-64
"	0.6303901437371663	0.11601642710472279	0.012320328542094456	0.6694045174537988	0.1591375770020534	0.0
208	d1ec90379b8333663fec536e79fe29f2	MALE	"35-49
"	0.2236180904522613	0.016331658291457288	0.005025125628140704	0.228643216080402	0.02386934673366834	0.0
209	5f7456d58b542c50be788ae5f20326ba	MALE	"25-34
"	0.567	0.126	0.027	0.532	0.095	0.0
210	3441a01d2d0c4dfe72216b104a1eba95	MALE	"35-49
"	0.687	0.111	0.004	0.71	0.123	0.0
211	4877dddcc26b8768206f3adb2371193c	MALE	"25-34
"	0.669	0.108	0.013	0.707	0.139	0.0
212	cede0dea9347713bc0b3b0aaf4e42020	FEMALE	"35-49
"	0.5555555555555556	0.0	0.0	0.5833333333333334	0.027777777777777776	0.0
213	674e327673e224ce6f2c3bee658ac14a	FEMALE	"35-49
"	0.505	0.084	0.082	0.49	0.08	0.0
214	054982b5dbe32c7becd47ff10c6c55be	MALE	"35-49
"	0.9760383386581469	0.16293929712460065	0.001597444089456869	1.0015974440894568	0.1853035143769968	0.0
215	98235f2c239b119c166a549b19b52abf	FEMALE	"25-34
"	0.43626062322946174	0.0764872521246459	0.024079320113314446	0.4206798866855524	0.046742209631728045	0.0
216	c7a67d7a055820d3239f0e9d89ed8ef0	MALE	"18-24
"	0.657	0.205	0.046	0.64	0.129	0.0
217	815c739d16821a8df42594567ea83862	MALE	"35-49
"	0.3146551724137931	0.04741379310344827	0.028017241379310345	0.31896551724137934	0.05818965517241379	0.0
218	064486fb93ed6edc4f4f1e67e63f80ca	FEMALE	"35-49
"	0.13404255319148936	0.01276595744680851	0.0	0.13829787234042554	0.00851063829787234	0.0
219	1bf95c355c40496cf62e2edb570ae5de	FEMALE	"50-64
"	2.315068493150685	0.3424657534246575	0.1095890410958904	2.4383561643835616	0.410958904109589	0.0
220	c13338b72c5ef7d5dfd2dbedbd381e35	FEMALE	"50-64
"	1.153061224489796	0.20918367346938777	0.01020408163265306	1.1122448979591837	0.15306122448979592	0.0
221	530b257442c7d1b85bb7aa4208321024	FEMALE	"65-xx
"	1.1224489795918366	0.1598639455782313	0.06462585034013606	1.2687074829931972	0.1054421768707483	0.0
222	ba8a0a7575e75d6c14167005020403a6	MALE	"25-34
"	0.736	0.187	0.013	0.724	0.155	0.0
223	f42e7c6f26cf3e92767b18b9f38db0dc	FEMALE	"50-64
"	0.5217853347502657	0.06801275239107332	0.024442082890541977	0.5462274176408076	0.07970244420828905	0.0
224	363635bbdda24724ed7bfc474f53bb88	MALE	"35-49
"	1.300639658848614	0.14498933901918976	0.0042643923240938165	1.304904051172708	0.17697228144989338	0.0
225	52bf2acfb0403cd5557d7b77a4de93f8	MALE	"50-64
"	0.3111111111111111	0.19111111111111112	0.2911111111111111	0.31777777777777777	0.03777777777777778	0.0
226	22c11b9f7e8e94f3d11bdcda976bbc63	FEMALE	"35-49
"	0.19270833333333334	0.026041666666666668	0.0	0.19791666666666666	0.020833333333333332	0.0
227	7ad34b9e9a8753cf98af03f04d195a45	FEMALE	"25-34
"	2.890625	0.421875	0.015625	2.890625	0.296875	0.0
228	45b43d19938acc00839f2725d467da22	MALE	"25-34
"	0.6898517673888256	0.1459521094640821	0.053591790193842644	0.6704675028506272	0.12770809578107184	0.0
229	bc8a55a8845ffd0706de85b6b0bb83b2	FEMALE	"25-34
"	0.719	0.162	0.016	0.699	0.119	0.0
230	05f97ea55282c4f81fce6fa5751a7ef4	FEMALE	"35-49
"	0.5147058823529411	0.014705882352941176	0.014705882352941176	0.47058823529411764	0.0	0.0
231	957dc24791e83a8f9facd669ebdfab40	FEMALE	"25-34
"	0.703	0.094	0.007	0.693	0.085	0.0
232	0394cf313b58ea16e3776dab47042e5f	MALE	"35-49
"	0.55	0.097	0.003	0.555	0.125	0.0
233	8a7257f3de4a861a5f4ff05211c23f2a	MALE	"35-49
"	0.656	0.132	0.017	0.672	0.157	0.0
234	e475c2e9671ef0fc3f2886df571e89ab	MALE	"25-34
"	0.656	0.156	0.009	0.666	0.153	0.0
235	c49d67f0ed88acd66484c5db337500a8	MALE	"25-34
"	0.56	0.16	0.019	0.525	0.117	0.0
236	515618c30574293240c3b346bdf04b5f	FEMALE	"35-49
"	1.7333333333333334	0.03333333333333333	0.0	1.7333333333333334	0.06666666666666667	0.0
237	40b8af7721fd105d0f5ecb5dad74a991	FEMALE	"35-49
"	0.78125	0.03125	0.0	0.75	0.09375	0.0
238	b4b03d72bcf52773ec6b7c0a91ccfe1e	FEMALE	"50-64
"	0.5843828715365239	0.1070528967254408	0.007556675062972292	0.6209068010075567	0.1486146095717884	0.0
239	54db3923f033e1dd6a82222aa2604ab9	FEMALE	"25-34
"	0.733	0.213	0.024	0.713	0.167	0.0
240	1b5fce78bd79817764b781294eb57455	FEMALE	"25-34
"	0.711	0.194	0.02	0.706	0.166	0.0
241	215dc25e9f73daf636a93294e32b4f56	FEMALE	"25-34
"	0.809	0.233	0.014	0.795	0.18	0.0
242	6929db7b4f31f715eb511d844a011b38	FEMALE	"25-34
"	0.9011976047904192	0.2155688622754491	0.020958083832335328	0.9191616766467066	0.1751497005988024	0.0
243	696b5f0612f4c6249b28c0ea69bb5705	MALE	"25-34
"	0.86125	0.21125	0.0125	0.86875	0.18625	0.0
244	a28f8dd03948a47b1144ad5df6ccc483	MALE	"35-49
"	0.7632850241545893	0.0966183574879227	0.03864734299516908	0.7657004830917874	0.10144927536231885	0.0
245	4373deaa5102d1669f5b6d9acc87c472	FEMALE	"25-34
"	1.380952380952381	0.14285714285714285	0.0	1.3095238095238095	0.16666666666666666	0.0
246	f18213b41bb7311717493a931dc32296	FEMALE	"35-49
"	0.9581529581529582	0.20057720057720058	0.015873015873015872	0.9668109668109668	0.21933621933621933	0.0
247	8a72e07a0c26977ba7677614c1b215d3	MALE	"25-34
"	0.9688013136288999	0.14285714285714285	0.019704433497536946	1.0246305418719213	0.15435139573070608	0.0
248	15cf31e89178b2894ea38869d8c6c75e	FEMALE	"35-49
"	1.1323529411764706	0.08823529411764706	0.007352941176470588	1.1323529411764706	0.08088235294117647	0.0
249	2791aad00710bd046c2358e36687f9e0	FEMALE	"35-49
"	0.6060606060606061	0.045454545454545456	0.015151515151515152	0.5909090909090909	0.045454545454545456	0.0
250	9f4fe89a809a7e3225be7537ef0eba9c	FEMALE	"25-34
"	0.644	0.176	0.037	0.627	0.135	0.0
251	6c712b47c8e9db4dd7f0f1725045f7bc	MALE	"50-64
"	1.24945295404814	0.16192560175054704	0.010940919037199124	1.24945295404814	0.17943107221006566	0.0
252	e998c03854f361533564e69eddc11a79	FEMALE	"35-49
"	0.5876393110435664	0.11246200607902736	0.02330293819655522	0.60790273556231	0.1347517730496454	0.0
253	fe4b7d846a74dd02625de0731600d83e	FEMALE	"18-24
"	0.7777777777777778	0.2777777777777778	0.2222222222222222	0.7	0.08888888888888889	0.0
254	73d39b8188e8ce968192ca6e993a8f12	MALE	"35-49
"	1.242562929061785	0.11670480549199085	0.002288329519450801	1.2745995423340961	0.14416475972540047	0.0
255	1d47415a2fc388ac89b5ecda8a95554c	MALE	"25-34
"	0.5674019607843137	0.07720588235294118	0.022058823529411766	0.6102941176470589	0.08333333333333333	0.0
256	6b529117cf7016c19396748c42a0f874	FEMALE	"35-49
"	0.4811320754716981	0.08490566037735849	0.02830188679245283	0.4811320754716981	0.0660377358490566	0.0
257	534e590a218b8100bb45208cfbdf163b	FEMALE	"35-49
"	0.573	0.112	0.012	0.568	0.115	0.0
258	cef70b072cca39a520d5c01b88810872	MALE	"35-49
"	0.692	0.131	0.004	0.716	0.164	0.0
259	e058844aedc87d48d3e87776dee5b348	MALE	"25-34
"	0.556	0.115	0.025	0.586	0.099	0.0
260	5f60f27c9b62684dd18f4b3c58e6ce54	FEMALE	"35-49
"	0.702	0.108	0.008	0.662	0.111	0.0
261	7406e65cbf8858b9260f36676efdd590	MALE	"35-49
"	0.5146341463414634	0.05853658536585366	0.014634146341463415	0.5121951219512195	0.06829268292682927	0.0
262	ba3a6aef89897131e4301c9f3c91a76c	FEMALE	"25-34
"	0.6673984632272228	0.10757409440175632	0.009879253567508232	0.6652030735455543	0.09440175631174534	0.0
263	a3e92f89da25918c2092124995357413	FEMALE	"35-49
"	2.8026315789473686	0.3026315789473684	0.0	2.776315789473684	0.23684210526315788	0.0
264	f7f54bc11f4d10c7fec58a38f796c7d3	MALE	"25-34
"	0.748	0.166	0.012	0.721	0.143	0.0
265	74da671513474c0630cb254c3abc434f	MALE	"50-64
"	0.5701559020044543	0.13028953229398663	0.014476614699331848	0.5601336302895323	0.11247216035634744	0.0
266	4024d8b2b57ca979fa44ed26161a09a9	FEMALE	"35-49
"	0.642	0.1	0.009	0.665	0.119	0.0
267	7eab4a711ed86375a854684f4330ea81	MALE	"50-64
"	1.8987341772151898	0.0949367088607595	0.0	2.0253164556962027	0.13924050632911392	0.0
268	9f5ffb7a6a0173156193d52d831eaacf	MALE	"35-49
"	0.488	0.06	0.054	0.484	0.065	0.0
269	7264d53720998dc6bab12307b0bcb3cb	MALE	"25-34
"	0.746705710102489	0.2020497803806735	0.07027818448023426	0.7115666178623719	0.1376281112737921	0.0
270	af2306c5c15c438adf1fc01cb3bc7504	FEMALE	"35-49
"	1.2391304347826086	0.13043478260869565	0.0	1.2391304347826086	0.08695652173913043	0.0
271	ae50c06b7772995439999108e8a94784	MALE	"50-64
"	0.9090909090909091	0.1431818181818182	0.013636363636363636	0.9340909090909091	0.1409090909090909	0.0
272	7cc67e70a6125646ca3fc1a96b70736c	MALE	"25-34
"	0.636	0.131	0.03	0.653	0.109	0.0
273	aa9be0abea3bbfe94d50f68bc1499bac	FEMALE	"50-64
"	0.424	0.094	0.071	0.439	0.088	0.0
274	845b3a9eb8536c14325e4c16db628e2f	MALE	"25-34
"	0.749	0.218	0.017	0.731	0.182	0.0
275	0a9e35fd6f123137d585a482f2484d8e	MALE	"25-34
"	0.562	0.132	0.009	0.56	0.11	0.0
276	d912c51b671d209edc6672fe203dd345	FEMALE	"50-64
"	0.6515151515151515	0.06060606060606061	0.045454545454545456	0.7121212121212122	0.06060606060606061	0.0
277	f3ca834609deae606515ff1f9a13e16c	MALE	"50-64
"	1.0659722222222223	0.2065972222222222	0.022569444444444444	1.0642361111111112	0.2604166666666667	0.0
278	c6d5c510157faec583465dc2f2f7725d	MALE	"25-34
"	0.6940540540540541	0.16648648648648648	0.010810810810810811	0.6745945945945946	0.14270270270270272	0.0
279	465c6477241edb9523d5110ed98f151c	FEMALE	"18-24
"	3.9482758620689653	0.5172413793103449	0.05172413793103448	3.9655172413793105	0.5689655172413793	0.0
280	9354e4ff65d876fbf0bc17ac650c7054	FEMALE	"50-64
"	0.7363636363636363	0.10363636363636364	0.038181818181818185	0.7181818181818181	0.09818181818181818	0.0
281	b7fcb87cfc30bd734d271b3c2a00a1ce	FEMALE	"35-49
"	2.5491803278688523	0.1721311475409836	0.02459016393442623	2.6475409836065573	0.18032786885245902	0.0
282	c9a9d8468da2e505fdc64bb0c7d90616	FEMALE	"50-64
"	0.7149532710280374	0.10903426791277258	0.010903426791277258	0.6697819314641744	0.0763239875389408	0.0
283	705be15bea0164053700e4383a7fdd21	MALE	"50-64
"	1.0959409594095941	0.11808118081180811	0.01845018450184502	1.132841328413284	0.16051660516605165	0.0
284	e97aa16d588d4b38df68c7eea39609ea	FEMALE	"18-24
"	0.6958083832335329	0.1664670658682635	0.037125748502994015	0.6574850299401198	0.1089820359281437	0.0
285	c4aa5802bf8371620331a83d9de85951	MALE	"50-64
"	0.7708333333333334	0.09166666666666666	0.016666666666666666	0.8083333333333333	0.09166666666666666	0.0
286	255067d6d118268c76e64f7887ba3dd0	MALE	"25-34
"	0.463768115942029	0.07971014492753623	0.03140096618357488	0.49879227053140096	0.08574879227053141	0.0
287	b10435d02eb67851643ed7acc67f54c0	MALE	"50-64
"	1.503030303030303	0.16363636363636364	0.08484848484848485	1.4666666666666666	0.2	0.0
288	3c3a39da1dd56313156d3f6c1a37a66e	MALE	"25-34
"	0.28872497365648053	0.059009483667017915	0.012644889357218124	0.2813487881981033	0.05795574288724974	0.0
289	e9e629c222e25a1146f72c75c230fb03	MALE	"25-34
"	0.34953703703703703	0.0775462962962963	0.013888888888888888	0.3449074074074074	0.0763888888888889	0.0
290	e5e6a7021778224bf3668daa559ebf51	FEMALE	"50-64
"	0.6043388429752066	0.11570247933884298	0.01962809917355372	0.6115702479338843	0.12603305785123967	0.0
291	6a37a45999b35bbdd1bcac74f1243be3	FEMALE	"35-49
"	0.693	0.14	0.018	0.687	0.155	0.0
292	d7949c389fdaad77bc556e651095ebce	FEMALE	"25-34
"	0.9188846641318125	0.19011406844106463	0.012674271229404309	0.9226869455006337	0.15335868187579213	0.0
293	f2955b34a4a459d9c328661444f4d7a0	FEMALE	"25-34
"	0.655	0.204	0.023	0.635	0.17	0.0
294	b9b2af931646cc70cfe092af855a34d5	FEMALE	"25-34
"	0.702	0.176	0.013	0.664	0.131	0.0
295	381e57c515bd710858e0c452cd75b10f	MALE	"25-34
"	0.8382352941176471	0.14705882352941177	0.014705882352941176	0.8455882352941176	0.11029411764705882	0.0
296	ff3b5da078fbccd7a0fae17c0f14192e	MALE	"65-xx
"	2.05	0.0	0.0	2.9	0.125	0.0
297	95de19ee54840e91536abf405e9b7114	FEMALE	"25-34
"	0.576	0.146	0.015	0.556	0.113	0.0
298	0f87a4b88aabdd50afb3f657d306bffe	MALE	"35-49
"	0.684	0.126	0.013	0.69	0.12	0.0
299	9120e3d36669937b08310ac9b2523550	FEMALE	"50-64
"	0.7773333333333333	0.156	0.03333333333333333	0.7773333333333333	0.18533333333333332	0.0
300	d87532d35960ba9d03bae61c74c2bd1d	MALE	"25-34
"	0.6501057082452432	0.19027484143763213	0.017970401691331923	0.6363636363636364	0.1522198731501057	0.0
301	078242a7701728828d6d98cd42f3f48e	FEMALE	"35-49
"	3.4657534246575343	0.2602739726027397	0.0	3.5205479452054793	0.2876712328767123	0.0
302	6d5873bedcf09d9753c3c908ddf452af	MALE	"18-24
"	0.5711422845691383	0.1743486973947896	0.15731462925851702	0.5480961923847696	0.10320641282565131	0.0
303	5a462f6ae94aa6db98cc3998694cf051	MALE	"35-49
"	1.3	0.3	0.0	1.3	0.23333333333333334	0.0
304	d9386a23b5f1350819c95546acd3183b	FEMALE	"25-34
"	1.5357142857142858	0.17142857142857143	0.025	1.6035714285714286	0.16428571428571428	0.0
305	f989ee76f94165c349bfebfe2f2e35f5	FEMALE	"25-34
"	0.5656028368794326	0.07446808510638298	0.028368794326241134	0.5585106382978723	0.06028368794326241	0.0
306	e3a56670ae34a61476c1ebb5fab5fbd2	MALE	"18-24
"	1.14	0.14	0.0	1.2	0.16	0.0
307	5ed6b96a534cbddc055adae2db5c29a2	MALE	"50-64
"	1.0381558028616853	0.24324324324324326	0.02702702702702703	1.028616852146264	0.26391096979332274	0.0
308	419453e20c2a73147960a6602d014b46	FEMALE	"18-24
"	0.613	0.181	0.313	0.608	0.059	0.0
309	6be49c4e42b6df04b3dd76c14b6cdacc	MALE	"50-64
"	0.6379137412236711	0.09027081243731194	0.012036108324974924	0.6539618856569709	0.10932798395185557	0.0
310	bcc524d52274108ab6a17810bb2ea695	MALE	"35-49
"	0.8	0.19190751445086704	0.0023121387283236996	0.8369942196531792	0.23930635838150288	0.0
311	7760f37131a13c5c0e9c4b7aa7f6ba5b	MALE	"50-64
"	0.32407407407407407	0.16666666666666666	0.18518518518518517	0.3425925925925926	0.12037037037037036	0.0
312	98d2fadb624ce637f63d00e46aca5fc7	FEMALE	"25-34
"	0.21601941747572814	0.03519417475728155	0.04247572815533981	0.21359223300970873	0.03155339805825243	0.0
313	43d7f732e9da60bc1d8f13294c3a3f1c	FEMALE	"35-49
"	0.328	0.07	0.008	0.338	0.081	0.0
314	ddd2f9d10aab42acefcfb55ca5572bf7	MALE	"35-49
"	0.6339285714285714	0.08333333333333333	0.05357142857142857	0.6279761904761905	0.08928571428571429	0.0
315	7223f159cf51aa7dfebf0eabe85c79fe	MALE	"50-64
"	0.5209251101321586	0.06607929515418502	0.00881057268722467	0.5022026431718062	0.05837004405286344	0.0
316	7f752af96266ae83b25cdeaa89c215d5	FEMALE	"50-64
"	1.3196125907990315	0.1694915254237288	0.043583535108958835	1.2953995157384988	0.1694915254237288	0.0
317	d5cf33e5fbfcb2571c1bf03cfbb04872	FEMALE	"18-24
"	0.9182879377431906	0.22568093385214008	0.02204928664072633	0.9416342412451362	0.1880674448767834	0.0
318	a0a70d414e0a11076419e96dfb3c84f4	MALE	"25-34
"	0.9097387173396675	0.25653206650831356	0.014251781472684086	0.8741092636579573	0.2161520190023753	0.0
319	810f2877bbc00c8a4f3ed47278b639d0	MALE	"50-64
"	1.0454545454545454	0.12727272727272726	0.0	1.1181818181818182	0.12727272727272726	0.0
320	4e3cbdeeccfe7c5dd61d0b3b73444d69	MALE	"25-34
"	0.5939675174013921	0.10092807424593968	0.02088167053364269	0.5661252900232019	0.08236658932714618	0.0
321	01b8aa99619675cae4355aa8af09bd12	MALE	"25-34
"	0.0	0.0	0.0	0.0	0.0	0.0
322	49182c21ede1dd536d3c2f380685c6df	FEMALE	"25-34
"	0.7392197125256673	0.19301848049281314	0.030800821355236138	0.7125256673511293	0.1540041067761807	0.0
323	e2f4c96d4eb90498ded022b3041fdbce	FEMALE	"25-34
"	0.5536663124335813	0.12858660998937302	0.05419766206163656	0.5472901168969182	0.10839532412327312	0.0
324	f5abf96f244c876d17ecf69863cb0abb	FEMALE	"35-49
"	0.2976190476190476	0.027777777777777776	0.04365079365079365	0.3055555555555556	0.023809523809523808	0.0
325	3b05acf07f6f03715ab66eaf2a3b5d04	FEMALE	"35-49
"	1.45906432748538	0.18128654970760233	0.029239766081871343	1.4444444444444444	0.18421052631578946	0.0
326	7770144c0f68bb53d65893ef9f05c343	MALE	"35-49
"	0.6786850477200425	0.12407211028632026	0.005302226935312832	0.6861081654294804	0.13891834570519618	0.0
327	0e91b48c555a06bb5c3517fad35fd745	FEMALE	"50-64
"	0.6904276985743381	0.1384928716904277	0.12016293279022404	0.7087576374745418	0.13747454175152748	0.0
328	29cdd0433aa9743c6f26ef88e45dd465	MALE	"25-34
"	2.3529411764705883	0.2875816993464052	0.006535947712418301	2.3790849673202614	0.28104575163398693	0.0
329	79a78fcce2bb2235c640192dbc842942	FEMALE	"25-34
"	1.2857142857142858	0.1	0.014285714285714285	1.2571428571428571	0.07142857142857142	0.0
330	11f686a3a2db1c5974e73d07088b4045	FEMALE	"25-34
"	1.5303867403314917	0.2154696132596685	0.027624309392265192	1.5082872928176796	0.19889502762430938	0.0
331	554b6684f8ff7bd40b89696d70226ec9	MALE	"35-49
"	0.5217391304347826	0.03260869565217391	0.0	0.532608695652174	0.03260869565217391	0.0
332	6c2da2695dc7f933c425842d9a0b364e	FEMALE	"25-34
"	0.8490990990990991	0.23423423423423423	0.04617117117117117	0.8434684684684685	0.21396396396396397	0.0
333	b4bb7a11967b660ecc4f4ef1cf6b6827	MALE	"50-64
"	0.6786786786786787	0.07507507507507508	0.01001001001001001	0.6796796796796797	0.1001001001001001	0.0
334	48b8caa90e5481c56928e08fc100b8ad	FEMALE	"18-24
"	1.1431005110732537	0.262350936967632	0.039182282793867124	1.1243611584327087	0.21805792163543442	0.0
335	ca75d60a9ff2c98b575535212f338b6a	MALE	"35-49
"	0.8050761421319796	0.17868020304568527	0.0040609137055837565	0.8274111675126904	0.2152284263959391	0.0
336	f9aaf0e979eda888db209a8f457ce7d7	FEMALE	"35-49
"	0.5405405405405406	0.06756756756756757	0.0	0.527027027027027	0.06756756756756757	0.0
337	459cac479aa5d1b353a8700668c284d2	FEMALE	"25-34
"	0.874251497005988	0.25	0.04491017964071856	0.8577844311377245	0.2275449101796407	0.0
338	9286dd073b9ef429c97ba2426f626f3c	MALE	"35-49
"	1.2733050847457628	0.17796610169491525	0.00847457627118644	1.3220338983050848	0.2076271186440678	0.0
339	cb9088be965f6ef60167811b4911d083	MALE	"25-34
"	1.4098837209302326	0.21220930232558138	0.03197674418604651	1.430232558139535	0.18023255813953487	0.0
340	22eaab35cdaada21db43d2bbf100bfb5	FEMALE	"35-49
"	1.609375	0.109375	0.0	1.5625	0.15625	0.0
341	0e705bd5681da1f5670ddfa14ef21aa8	FEMALE	"50-64
"	0.7081891580161477	0.11418685121107267	0.040369088811995385	0.6897347174163783	0.11764705882352941	0.0
342	a85114b4570c74d002b9e86c64147146	FEMALE	"25-34
"	1.1578947368421053	0.13157894736842105	0.0	1.131578947368421	0.13157894736842105	0.0
343	638475f75a7f842d4ce14e690012a5cf	FEMALE	"50-64
"	1.032418952618454	0.15211970074812967	0.06982543640897755	1.0673316708229426	0.17206982543640897	0.0
344	3144ae112ee6cda80d9fa54c824f54db	MALE	"18-24
"	0.7297008547008547	0.16025641025641027	0.024572649572649572	0.7361111111111112	0.14102564102564102	0.0
345	8bdcb9d1c008715c740c147dd0d5431c	MALE	"50-64
"	0.3891566265060241	0.04096385542168675	0.014457831325301205	0.3963855421686747	0.04819277108433735	0.0
346	89e28784c0c0c2236124a934f54c4e04	MALE	"35-49
"	1.3636363636363635	0.18181818181818182	0.0	1.3181818181818181	0.18181818181818182	0.0
347	7884fd1f622ff26469115316e9daf9eb	MALE	"25-34
"	0.7555110220440882	0.21142284569138275	0.06212424849699399	0.7354709418837675	0.17635270541082165	0.0
348	c302071b69a64d5107d2441036e48d9e	FEMALE	"50-64
"	0.36596736596736595	0.07575757575757576	0.07575757575757576	0.3752913752913753	0.05128205128205128	0.0
349	2045de9e2f46e9dad1bd91c14aa85d0b	MALE	"35-49
"	0.612	0.113	0.01	0.609	0.132	0.0
350	a55163ccf6ce0bcd13c80ee7e5ceebcd	FEMALE	"25-34
"	2.1882352941176473	0.3411764705882353	0.06470588235294118	2.2058823529411766	0.3411764705882353	0.0
351	b286c3c4fcba5c03aabaf82c11a6f7c7	MALE	"18-24
"	1.4433962264150944	0.24842767295597484	0.009433962264150943	1.371069182389937	0.22012578616352202	0.0
352	36ed860abcea25a27515046356190a6d	FEMALE	"35-49
"	0.8606847697756789	0.14639905548996457	0.0035419126328217238	0.8406139315230224	0.14521841794569068	0.0
353	3436004077b339b79d9df8e7b057b7cf	MALE	"50-64
"	0.529	0.077	0.016	0.537	0.079	0.0
354	e15e1e0e5c33ec5e986f814f5839a1de	FEMALE	"35-49
"	1.0728476821192052	0.11589403973509933	0.006622516556291391	1.0397350993377483	0.11589403973509933	0.0
355	d30d7f616657ab089bade1ca4f8c62e7	MALE	"25-34
"	1.2572815533980584	0.1407766990291262	0.009708737864077669	1.3446601941747574	0.15048543689320387	0.0
356	0ef219e0b58829a60b2332516489e95e	MALE	"25-34
"	0.9252873563218391	0.13505747126436782	0.008620689655172414	0.9425287356321839	0.15229885057471265	0.0
357	7ac5b529d83a03ad9dc192c32943fd0a	FEMALE	"25-34
"	1.4477611940298507	0.27611940298507465	0.007462686567164179	1.328358208955224	0.1865671641791045	0.0
358	ff135897af8e6cf845783f70df56a7ca	MALE	"35-49
"	0.685	0.137	0.003	0.692	0.159	0.0
359	d098f4dc43d5c4768056c2dc8e1b5328	MALE	"50-64
"	0.7436548223350253	0.10279187817258884	0.008883248730964468	0.7563451776649747	0.13451776649746192	0.0
360	f4c9374590b0197811a990a727ce50f5	FEMALE	"25-34
"	0.8355995055624228	0.18170580964153277	0.0173053152039555	0.8022249690976514	0.14709517923362175	0.0
361	c8991753dc81f5ec9bf1b8a7137aa6a2	MALE	"35-49
"	1.3205128205128205	0.08974358974358974	0.02564102564102564	1.2179487179487178	0.07692307692307693	0.0
362	a882cbfa5477e22a082c5b0c0c288dfb	FEMALE	"18-24
"	0.20428015564202334	0.038910505836575876	0.009727626459143969	0.16926070038910507	0.01556420233463035	0.0
363	90fa8913485a500e43dc5913aebdfaa6	MALE	"35-49
"	0.76	0.125	0.004	0.753	0.132	0.0
364	6300ad90bbcee31349ffa0a071ca2041	FEMALE	"25-34
"	0.0	0.0	0.0	0.0	0.0	0.0
365	7558c64da7ef50a8213d98943238535d	MALE	"35-49
"	0.6490610328638498	0.07863849765258216	0.002347417840375587	0.6795774647887324	0.09272300469483569	0.0
366	7d907696792f2ffebe9eb6fc7448ee4f	FEMALE	"25-34
"	0.6435331230283912	0.167192429022082	0.046267087276550996	0.6382754994742377	0.13564668769716087	0.0
367	43fd2e9d7b3c55435a849de5c5c43f1b	FEMALE	"35-49
"	0.6021505376344086	0.053763440860215055	0.016129032258064516	0.6129032258064516	0.05913978494623656	0.0
368	1d607940be677919cd6f08e11c7bd36f	MALE	"25-34
"	1.5477941176470589	0.21323529411764705	0.014705882352941176	1.6397058823529411	0.26838235294117646	0.0
369	88933cee52db6f5c0c0f04d05fcaf614	MALE	"50-64
"	0.5467706013363028	0.10356347438752785	0.04120267260579064	0.5489977728285078	0.10244988864142539	0.0
370	5ecd708037d82c153b3a591c20d38969	MALE	"25-34
"	1.1551724137931034	0.06896551724137931	0.034482758620689655	1.2241379310344827	0.08620689655172414	0.0
371	bf4240deea2c8a777d129e48fcba470d	MALE	"50-64
"	1.2911646586345382	0.20883534136546184	0.01606425702811245	1.3012048192771084	0.23092369477911648	0.0
372	1cddde52f7a410427df4975fd837906f	FEMALE	"35-49
"	1.1829268292682926	0.08536585365853659	0.0	1.2073170731707317	0.07317073170731707	0.0
373	b88171637fa04a302e94b14402f2793a	MALE	"25-34
"	0.511	0.098	0.036	0.511	0.082	0.0
374	d4c7789534da23ef33ab27b410132492	MALE	"35-49
"	0.309	0.088	0.111	0.303	0.072	0.0
375	db557d7d8315adfe66fa285ee2d5876a	FEMALE	"35-49
"	0.28556806550665303	0.10542476970317298	0.08802456499488229	0.2835209825997953	0.0931422722620266	0.0
376	57a2725f48fd55100e4e8d72f995405c	MALE	"25-34
"	0.738	0.197	0.007	0.728	0.174	0.0
377	1e654a67e38ea72384781aa29ebda03e	MALE	"35-49
"	0.7765814266487214	0.1063257065948856	0.008075370121130552	0.7860026917900403	0.11440107671601615	0.0
378	e827776a1e77b7bee940b485c5a4b5b7	MALE	"25-34
"	0.245	0.04	0.015	0.23	0.035	0.0
379	b9114397ca060ce9de73d8073b0c53c3	FEMALE	"35-49
"	0.7906976744186046	0.06976744186046512	0.0	0.7558139534883721	0.05813953488372093	0.0
380	db0211bc38ed3c093992dc5128173054	MALE	"35-49
"	1.0384615384615385	0.10256410256410256	0.0	1.0427350427350428	0.13247863247863248	0.0
381	8a8285c8744a9c7f759a69a047437bba	FEMALE	"50-64
"	0.6745810055865922	0.11173184357541899	0.0446927374301676	0.659217877094972	0.10893854748603352	0.0
382	e669e24fa419cfa4dc1eac97179183ff	FEMALE	"25-34
"	0.5595238095238095	0.07738095238095238	0.005952380952380952	0.5238095238095238	0.05357142857142857	0.0
383	fde67e0b9c8072fcaa52c95f0964619f	FEMALE	"35-49
"	0.7347347347347347	0.12512512512512514	0.001001001001001001	0.7317317317317318	0.13813813813813813	0.0
384	47fe62a96d93fd6ba25efb25fe7e7069	FEMALE	"25-34
"	0.641925777331996	0.18856569709127383	0.055165496489468405	0.6379137412236711	0.16349047141424272	0.0
385	29498c0afa48a739013e2a3f8c1e2937	MALE	"35-49
"	0.6928838951310862	0.04307116104868914	0.00749063670411985	0.6779026217228464	0.03932584269662921	0.0
386	a242dd9bb6e0125a8442b762d902ffd4	MALE	"25-34
"	0.587	0.075	0.026	0.601	0.077	0.0
387	c14f5f6eb08d47b72bc8dae3187aad75	FEMALE	"35-49
"	0.8245614035087719	0.12280701754385964	0.06140350877192982	0.7456140350877193	0.08771929824561403	0.0
388	3373639b1d50d755c03c02cd9b93b720	MALE	"35-49
"	0.8088397790055248	0.13812154696132597	0.01878453038674033	0.8121546961325967	0.16132596685082873	0.0
389	85682013120aee589c5a11b83233ae44	FEMALE	"18-24
"	0.8378016085790885	0.23056300268096513	0.09785522788203753	0.868632707774799	0.19436997319034852	0.0
390	066df9d2383e006d1bf69f0e27732988	MALE	"35-49
"	0.7648936170212766	0.10106382978723404	0.007446808510638298	0.7861702127659574	0.12659574468085105	0.0
391	53a6d1bb405f70090c273ae932b9d37b	MALE	"25-34
"	0.7209302325581395	0.1557128412537917	0.006066734074823054	0.7017189079878665	0.134479271991911	0.0
392	e86428603dee9d01aa5f7abebb851ef7	FEMALE	"25-34
"	0.6726726726726727	0.17517517517517517	0.031031031031031032	0.6666666666666666	0.15615615615615616	0.0
393	242901098f6f77364668c3a2466a6d01	MALE	"25-34
"	0.69	0.14	0.007	0.69	0.126	0.0
394	aa36a339f30cc056a8137180cdf5d4ef	MALE	"35-49
"	1.5666666666666667	0.17777777777777778	0.011111111111111112	1.511111111111111	0.15555555555555556	0.0
395	60f601460f83a4adac3ee69528bea01c	FEMALE	"35-49
"	1.537037037037037	0.12962962962962962	0.0	1.5	0.14814814814814814	0.0
396	0dc2a3cd1ce3422a2c49942e9f44b734	MALE	"25-34
"	2.1973684210526314	0.18421052631578946	0.013157894736842105	2.263157894736842	0.19736842105263158	0.0
397	3bb08fb1b8b3d0d35bd70e1753840d2c	MALE	"35-49
"	0.633	0.06	0.042	0.63	0.064	0.0
398	3be3cfa5d33e6eb8fe57736317fed8d3	FEMALE	"35-49
"	0.31893004115226337	0.05555555555555555	0.0205761316872428	0.31069958847736623	0.047325102880658436	0.0
399	9cd2cf92e17ea5ff443b5fdfc115f651	FEMALE	"35-49
"	0.84375	0.11979166666666667	0.009114583333333334	0.8346354166666666	0.11979166666666667	0.0
400	96f5135be8b958006946821b351a1d80	FEMALE	"35-49
"	0.9544235924932976	0.1447721179624665	0.00804289544235925	0.9490616621983914	0.1353887399463807	0.0
401	95290012090969ed4e58ab1a9ff6c342	FEMALE	"35-49
"	0.743	0.125	0.012	0.747	0.123	0.0
402	b45f9ab47566e706a81d45ef5adc981c	MALE	"25-34
"	2.7534246575342465	0.2328767123287671	0.0136986301369863	2.643835616438356	0.2602739726027397	0.0
403	20bf285bfb69897524b8c444a8ca197d	MALE	"25-34
"	0.8755555555555555	0.13777777777777778	0.04666666666666667	0.8777777777777778	0.11333333333333333	0.0
404	fd4b49dd6437c1f36958c0dd4abfa400	FEMALE	"25-34
"	0.759009009009009	0.07882882882882883	0.006756756756756757	0.7454954954954955	0.06306306306306306	0.0
405	2d7492af9cb4952640c2a7c7bdfd0510	FEMALE	"35-49
"	0.7843511450381679	0.08969465648854962	0.01717557251908397	0.7385496183206107	0.08015267175572519	0.0
406	c7ad6c96208a6ecf83542130321074ad	MALE	"35-49
"	0.12408759124087591	0.01824817518248175	0.0036496350364963502	0.11678832116788321	0.01824817518248175	0.0
407	f677a164b16096fc2eb3af86694da8ac	MALE	"25-34
"	0.8443804034582133	0.12247838616714697	0.020172910662824207	0.8861671469740634	0.11527377521613832	0.0
408	04f61066fd67af6ab686e6b1d7501b72	MALE	"35-49
"	0.663	0.084	0.006	0.667	0.097	0.0
409	fcd1dd36faf537bc4bbe81f2071f8a0b	MALE	"25-34
"	0.5419664268585132	0.11031175059952038	0.06354916067146282	0.580335731414868	0.1091127098321343	0.0
410	9fccd14981cc04ff92a399dbfee1a0b7	FEMALE	"35-49
"	1.0438756855575868	0.19744058500914077	0.005484460694698354	1.1005484460694699	0.21206581352833637	0.0
411	6e602536dfb72bb2c881fd25e6a92f46	MALE	"25-34
"	1.1727272727272726	0.10909090909090909	0.00909090909090909	1.1818181818181819	0.10909090909090909	0.0
412	76b6283d82da63a42ae8a42e7da628ec	FEMALE	"35-49
"	0.7863577863577863	0.17245817245817247	0.018018018018018018	0.7786357786357786	0.19433719433719435	0.0
413	e2e77ba41052044b90d7021d9bff9061	FEMALE	"35-49
"	0.0	0.0	0.0	0.0	0.0	0.0
414	93ba37e2c4ecdf213ac11c17ad8f6659	MALE	"35-49
"	0.7083333333333334	0.09027777777777778	0.041666666666666664	0.7083333333333334	0.08680555555555555	0.0
415	1ded9ce40c1121d88ce1e1d3c5386d44	FEMALE	"25-34
"	0.8366336633663366	0.07425742574257425	0.0	0.7871287128712872	0.06435643564356436	0.0
416	d838b5d5c3cd62b2ad503b53cbc1f90f	FEMALE	"50-64
"	0.5925925925925926	0.037037037037037035	0.0	0.6111111111111112	0.05555555555555555	0.0
417	52dc60bfa48c6f31d8ccf8124abe5339	FEMALE	"50-64
"	0.57	0.106	0.016	0.574	0.127	0.0
418	eca9ffb3d1a2e0ccea0e5f4a28d80e32	MALE	"25-34
"	0.623	0.14	0.01	0.619	0.128	0.0
419	1fb12bfda490189c83e727a788c065ce	FEMALE	"35-49
"	2.798449612403101	0.3875968992248062	0.031007751937984496	2.7209302325581395	0.29457364341085274	0.0
420	9c66f13c8038d9cec5fd2a754d959c2f	FEMALE	"50-64
"	0.8926056338028169	0.12147887323943662	0.022887323943661973	0.8661971830985915	0.11619718309859155	0.0
421	751221978067db4e4cecef07c1763f2c	FEMALE	"35-49
"	0.657	0.135	0.029	0.673	0.157	0.0
422	780a57a7ecdb4ecbdcaf20e0435de9ff	FEMALE	"35-49
"	0.656	0.175	0.026	0.681	0.204	0.0
423	25870981b463d9b45361330190d60f53	MALE	"25-34
"	0.3248407643312102	0.03503184713375796	0.0	0.3184713375796178	0.03821656050955414	0.0
424	80d92cf1ea27e001428c05bed7de7aae	MALE	"50-64
"	0.398	0.037	0.009	0.381	0.034	0.0
425	5f29914eb034d37c58a4c06e8eae0bc9	FEMALE	"50-64
"	0.7117117117117117	0.05405405405405406	0.0	0.8468468468468469	0.06306306306306306	0.0
426	b0d2501202d406fd07ab84db6f751543	MALE	"50-64
"	0.6684665226781857	0.1079913606911447	0.017278617710583154	0.6814254859611231	0.1263498920086393	0.0
427	862463c413570ea28c694a9fa06a6599	MALE	"25-34
"	0.22727272727272727	0.05113636363636364	0.017045454545454544	0.19886363636363635	0.045454545454545456	0.0
428	ba60ddef7a784f9d15793b264e107098	FEMALE	"35-49
"	0.6192560175054704	0.07986870897155361	0.00437636761487965	0.5995623632385121	0.0787746170678337	0.0
429	c7f27de09c6515fd61f8c97cf79ac03a	FEMALE	"25-34
"	0.7307307307307307	0.2042042042042042	0.022022022022022022	0.7037037037037037	0.15615615615615616	0.0
430	5818f51ee3e32cd9a47c2d21c5170dac	MALE	"35-49
"	0.6557377049180327	0.05327868852459016	0.0	0.6557377049180327	0.0778688524590164	0.0
431	e8bf104a939e52e12f33bbdd95625343	FEMALE	"25-34
"	2.843137254901961	0.37254901960784315	0.0	2.9019607843137254	0.39215686274509803	0.0
432	146bcb261292b6ae2c3416fdc3ed5c81	MALE	"18-24
"	1.3928571428571428	0.19642857142857142	0.017857142857142856	1.3214285714285714	0.14285714285714285	0.0
433	1cde167d4ef11594215f873acdbe6f50	FEMALE	"50-64
"	2.8	0.16470588235294117	0.023529411764705882	2.9176470588235293	0.18823529411764706	0.0
434	f18d7e12e5b5ea1ef326a3cb7ac93af0	MALE	"35-49
"	0.5243619489559165	0.08816705336426914	0.008120649651972157	0.5162412993039444	0.09860788863109049	0.0
435	a6d5c1dc7657c9fd0bfb87bdc0376355	FEMALE	"25-34
"	0.5	0.1	0.04285714285714286	0.5428571428571428	0.07142857142857142	0.0
