	user	sex	age	user_common_1grams	user_common_2grams	user_common_3grams	user_age_18_24_ngrams	user_age_25_34_ngrams	user_age_35_49_ngrams	user_age_50_64_ngrams	user_age_65_xx_ngrams	user_gender_male_ngrams	user_gender_female_ngrams	avr_mentions	avr_punctuation	avr_text_size	avr_starts_with_capital	avr_ends_with_punctuation	avr_capitals	avr_words_count	vocabulary_richness
0	4905cc7a1396110c1a635c4e7b023de2	FEMALE	"50-64
"	0.42592592592592593	0.48148148148148145	0.5462962962962963	1.0462962962962963	1.1388888888888888	1.1296296296296295	1.0925925925925926	0.7962962962962963	1.0648148148148149	1.2222222222222223	0	0	0	0	0	0	0	0
1	6733b2957179358024cc5c493f28924a	MALE	"50-64
"	1.3	1.4727272727272727	1.5	1.8545454545454545	1.9363636363636363	1.9545454545454546	2.0090909090909093	1.4636363636363636	2.0	1.9454545454545455	0	0	0	0	0	0	0	0
2	9aa58b658935d017e0827d1b42e75596	MALE	"18-24
"	0.753259779338014	1.0030090270812437	1.0341023069207622	1.913741223671013	1.688064192577733	1.6680040120361084	1.6058174523570712	1.0050150451354063	1.7151454363089267	1.6659979939819458	0	0	0	0	0	0	0	0
3	454904ba35745fd0499f229c4b3e851c	FEMALE	"35-49
"	0.6156156156156156	0.8248248248248248	0.8698698698698699	1.059059059059059	1.1231231231231231	1.1941941941941943	1.14014014014014	0.7947947947947948	1.1331331331331331	1.2012012012012012	0	0	0	0	0	0	0	0
4	4dc094fb37152396199cb951207bb75d	MALE	"35-49
"	0.6957104557640751	0.8136729222520107	0.8203753351206434	1.1702412868632708	1.2761394101876675	1.3056300268096515	1.2238605898123325	0.8136729222520107	1.3083109919571045	1.2520107238605898	0	0	0	0	0	0	0	0
5	2213767ab6ecc93aa98e0d49cfab5baa	FEMALE	"35-49
"	0.445	0.503	0.513	0.797	0.85	0.89	0.842	0.575	0.854	0.904	0	0	0	0	0	0	0	0
6	e390535dd8f6e7b8f56c1f45aa365760	MALE	"35-49
"	0.708	0.865	0.887	1.373	1.511	1.6	1.505	0.917	1.589	1.519	0	0	0	0	0	0	0	0
7	c297b3ecf103e67237c8a42659a178e3	FEMALE	"25-34
"	0.0	0.0	0.0	0.0	0.0	0.0	0.0	0.0	0.0	0.0	0	0	0	0	0	0	0	0
8	491750704cf57fa285716407272c5a56	MALE	"25-34
"	0.529	0.617	0.627	1.028	1.225	1.138	1.095	0.725	1.195	1.124	0	0	0	0	0	0	0	0
9	1110e5330c38f208b2887f55f7296235	FEMALE	"50-64
"	0.8518518518518519	0.9555555555555556	1.0148148148148148	2.251851851851852	2.4814814814814814	2.5185185185185186	2.3333333333333335	1.5333333333333334	2.437037037037037	2.5555555555555554	0	0	0	0	0	0	0	0
10	3832ba1572727deb24c4969ac0b2587d	FEMALE	"25-34
"	0.8873720136518771	1.1353811149032993	1.1683731513083049	2.031854379977247	2.3117178612059157	2.3083048919226394	2.2514220705346983	1.3333333333333333	2.2696245733788394	2.3697383390216156	0	0	0	0	0	0	0	0
11	00db29c2dc1d87c8f07b72d753f7f2c0	MALE	"35-49
"	0.741	0.993	1.037	1.629	1.732	1.787	1.679	1.035	1.766	1.746	0	0	0	0	0	0	0	0
12	25535d379c3ab7f473305ceace304e8c	MALE	"35-49
"	1.290448343079922	1.5692007797270955	1.6198830409356726	2.4892787524366473	2.7212475633528266	2.7992202729044835	2.654970760233918	1.6939571150097466	2.7855750487329436	2.7251461988304095	0	0	0	0	0	0	0	0
13	11bc4f9bbb9a6a7f1e990281c7e4b29d	MALE	"25-34
"	0.583	0.757	0.79	1.101	1.303	1.214	1.157	0.743	1.264	1.173	0	0	0	0	0	0	0	0
14	0dc5cd49689cd42b3b9e0786b59165bc	FEMALE	"35-49
"	0.752	0.906	0.936	1.753	1.886	1.939	1.84	1.102	1.886	1.98	0	0	0	0	0	0	0	0
15	41c74bff447d5397d817074168496fa9	FEMALE	"50-64
"	0.8105590062111802	0.9037267080745341	0.9316770186335404	1.375776397515528	1.434782608695652	1.468944099378882	1.5869565217391304	1.0248447204968945	1.4285714285714286	1.565217391304348	0	0	0	0	0	0	0	0
16	21a3849c161a739c6c7b557ca39ea04e	FEMALE	"65-xx
"	1.946969696969697	2.242424242424242	2.303030303030303	3.196969696969697	3.4696969696969697	3.507575757575758	3.4696969696969697	4.068181818181818	3.462121212121212	3.537878787878788	0	0	0	0	0	0	0	0
17	81fd1684d9e48e7dfb3f389e4f0781db	FEMALE	"25-34
"	0.5295295295295295	0.7367367367367368	0.7797797797797797	1.0510510510510511	1.16016016016016	1.0910910910910911	1.038038038038038	0.7607607607607607	1.0890890890890892	1.1641641641641642	0	0	0	0	0	0	0	0
18	a837091210532f5e37916bba89654b2d	MALE	"50-64
"	0.667	0.758	0.773	1.455	1.607	1.656	1.763	0.978	1.693	1.637	0	0	0	0	0	0	0	0
19	07d5234843a6d62ae0db4dbcca854c43	FEMALE	"35-49
"	0.7071583514099783	0.920824295010846	0.9425162689804772	1.4240780911062907	1.5509761388286334	1.5661605206073752	1.4772234273318872	0.9750542299349241	1.5162689804772234	1.6041214750542299	0	0	0	0	0	0	0	0
20	36b2593435e1bed13eb138c1973c13ed	MALE	"50-64
"	0.849438202247191	1.1775280898876404	1.2314606741573033	1.7134831460674158	1.8224719101123596	1.849438202247191	1.8797752808988764	1.2011235955056179	1.8382022471910113	1.8584269662921349	0	0	0	0	0	0	0	0
21	084693fa3e344e2b5adde98331f2f549	FEMALE	"50-64
"	1.0546075085324231	1.325938566552901	1.3737201365187712	1.8293515358361774	1.97098976109215	1.9726962457337884	2.008532423208191	1.2781569965870307	1.9641638225255973	2.0238907849829353	0	0	0	0	0	0	0	0
22	44831f81bb84afa6999392849b85b4f4	FEMALE	"35-49
"	2.3142857142857145	2.5619047619047617	2.619047619047619	3.638095238095238	3.895238095238095	4.066666666666666	4.0285714285714285	2.704761904761905	4.019047619047619	4.066666666666666	0	0	0	0	0	0	0	0
23	60959f926480ec1e4a3c8c41071779a1	FEMALE	"50-64
"	1.425	1.5375	1.5375	2.0375	2.1875	2.2	2.225	1.7	2.2	2.2375	0	0	0	0	0	0	0	0
24	8d3d3a9d09bea220b5a99945f57c2910	FEMALE	"25-34
"	0.699	0.968	1.007	1.475	1.655	1.582	1.495	0.906	1.572	1.648	0	0	0	0	0	0	0	0
25	9f66d67322dbc62a5b6ff42867bc3fe1	MALE	"35-49
"	1.2073394495412844	1.3963302752293578	1.4256880733944954	2.4642201834862387	2.7174311926605506	2.8458715596330277	2.711926605504587	1.6642201834862385	2.8128440366972476	2.7192660550458716	0	0	0	0	0	0	0	0
26	52d582497ed56183efaf715e3988b628	FEMALE	"35-49
"	1.0576923076923077	1.1730769230769231	1.1923076923076923	1.7115384615384615	1.7884615384615385	1.8461538461538463	1.6923076923076923	1.4230769230769231	1.7884615384615385	1.8461538461538463	0	0	0	0	0	0	0	0
27	3de105c51ab70cbf61df2b36fb5a0fd4	FEMALE	"35-49
"	0.6714116251482799	0.8196915776986952	0.8410438908659549	1.1921708185053381	1.2846975088967971	1.3570581257413998	1.3119810201660735	0.9086595492289442	1.2882562277580072	1.3677342823250296	0	0	0	0	0	0	0	0
28	9329caf2caea60408f9991da66026e3d	MALE	"35-49
"	0.6515151515151515	0.7424242424242424	0.7462121212121212	1.1363636363636365	1.3863636363636365	1.3446969696969697	1.2121212121212122	0.7651515151515151	1.4053030303030303	1.2348484848484849	0	0	0	0	0	0	0	0
29	44be30b800f13facaed7cda823976bf1	FEMALE	"25-34
"	0.3859470468431772	0.46435845213849286	0.49185336048879835	0.7057026476578412	0.8177189409368636	0.7576374745417516	0.7169042769857433	0.5193482688391039	0.7647657841140529	0.8044806517311609	0	0	0	0	0	0	0	0
30	cefc4df9c5692bdf3d27d2195211c637	FEMALE	"50-64
"	0.8802325581395349	1.0558139534883721	1.0709302325581396	1.9686046511627906	2.1151162790697673	2.1011627906976744	2.183720930232558	1.2767441860465116	2.11046511627907	2.1790697674418604	0	0	0	0	0	0	0	0
31	130f9ea58dcdaec12e6faf6d51aef8e9	FEMALE	"35-49
"	1.6176470588235294	1.7352941176470589	1.7647058823529411	2.5588235294117645	2.7058823529411766	2.8823529411764706	2.6470588235294117	2.0294117647058822	2.8088235294117645	2.8529411764705883	0	0	0	0	0	0	0	0
32	a8f097700706d240901444bd6bb1813f	MALE	"35-49
"	0.5960346964064436	0.6902106567534076	0.7509293680297398	1.096654275092937	1.2019826517967782	1.278810408921933	1.1363073110285007	0.7459727385377943	1.258983890954151	1.177199504337051	0	0	0	0	0	0	0	0
33	623a80d7f12ba40bcfa0f02bda2623ba	MALE	"50-64
"	1.348314606741573	1.4157303370786516	1.4157303370786516	2.067415730337079	2.247191011235955	2.235955056179775	2.353932584269663	1.5280898876404494	2.2865168539325844	2.2247191011235956	0	0	0	0	0	0	0	0
34	115e7b931be3d52d35cb8ce2da09a1d7	MALE	"18-24
"	0.85	1.07125	1.095	1.8425	1.765	1.78875	1.72	1.08	1.7925	1.77	0	0	0	0	0	0	0	0
35	f97b2cf731bc770023edc37b30c95edd	FEMALE	"35-49
"	1.132	1.248	1.292	1.864	1.932	2.024	1.96	1.4	1.988	2.04	0	0	0	0	0	0	0	0
36	5ebce49735b6f475f3825250bb0fb3cd	MALE	"25-34
"	0.6422155688622755	0.7050898203592815	0.7125748502994012	1.2380239520958083	1.4221556886227544	1.341317365269461	1.25	0.8458083832335329	1.3817365269461077	1.311377245508982	0	0	0	0	0	0	0	0
37	7cfe79b18ed7822cea15381e189cac9a	MALE	"25-34
"	0.771948608137045	1.0	1.0428265524625269	1.797644539614561	1.936830835117773	1.8704496788008564	1.8040685224839401	1.1220556745182013	1.9132762312633833	1.8822269807280514	0	0	0	0	0	0	0	0
38	6f234b4a1744e80f260f5684433f8598	MALE	"50-64
"	1.6	1.75	1.76	2.55	2.62	2.77	2.88	2.03	2.79	2.75	0	0	0	0	0	0	0	0
39	9a2f7bc0677bca12725e25d12dae66d9	FEMALE	"35-49
"	0.768595041322314	0.9752066115702479	1.0113636363636365	1.7944214876033058	1.9648760330578512	2.0154958677685952	1.9183884297520661	1.146694214876033	1.9638429752066116	2.0692148760330578	0	0	0	0	0	0	0	0
40	b040812b4f65cc449ec54699ac764181	MALE	"35-49
"	0.6725543478260869	0.8192934782608695	0.8464673913043478	1.1970108695652173	1.2595108695652173	1.328804347826087	1.2703804347826086	0.8926630434782609	1.3192934782608696	1.2921195652173914	0	0	0	0	0	0	0	0
41	a1b53e143dcf8699338077548906cb4b	FEMALE	"25-34
"	1.1596638655462186	1.365546218487395	1.3949579831932772	1.726890756302521	1.8739495798319328	1.8319327731092436	1.7899159663865547	1.3025210084033614	1.8319327731092436	1.8571428571428572	0	0	0	0	0	0	0	0
42	349e5b801890b1b707635e4970958102	FEMALE	"50-64
"	0.836027713625866	1.0496535796766744	1.0935334872979214	1.8152424942263279	1.9272517321016167	1.9249422632794457	2.0346420323325636	1.1951501154734412	1.9191685912240184	2.023094688221709	0	0	0	0	0	0	0	0
43	1575e7e1e9b9783b6376c7320dd7658d	MALE	"35-49
"	0.7937937937937938	0.990990990990991	1.011011011011011	1.7617617617617618	1.961961961961962	2.051051051051051	1.917917917917918	1.122122122122122	2.041041041041041	1.9439439439439439	0	0	0	0	0	0	0	0
44	47b9e169b20239e563053af72876a791	MALE	"50-64
"	0.616	0.759	0.77	1.306	1.412	1.449	1.586	0.881	1.465	1.456	0	0	0	0	0	0	0	0
45	83ff5fb44444da7a570577d8cca44cb9	MALE	"18-24
"	0.813	1.061	1.092	2.41	2.215	2.265	2.137	1.191	2.313	2.198	0	0	0	0	0	0	0	0
46	717be9f4b9f1232c9302e3e3eff2239c	MALE	"35-49
"	0.5774058577405857	0.6847977684797768	0.7210599721059973	1.0753138075313808	1.1422594142259415	1.1882845188284519	1.1059972105997211	0.7336122733612274	1.1785216178521618	1.1631799163179917	0	0	0	0	0	0	0	0
47	24620ebc09712f80a6ab85b877693691	FEMALE	"18-24
"	0.8279702970297029	1.0977722772277227	1.1485148514851484	2.0792079207920793	1.9715346534653466	1.9344059405940595	1.8626237623762376	1.188118811881188	1.9306930693069306	2.017326732673267	0	0	0	0	0	0	0	0
48	1490b985d1bd935ac5973e648c207955	FEMALE	"35-49
"	0.732	0.905	0.925	1.512	1.683	1.743	1.652	1.01	1.702	1.742	0	0	0	0	0	0	0	0
49	9cd9ebf839bf6c5989644b464423cf89	FEMALE	"25-34
"	0.6597938144329897	0.7268041237113402	0.7371134020618557	1.288659793814433	1.4329896907216495	1.3195876288659794	1.2628865979381443	0.9587628865979382	1.3453608247422681	1.4278350515463918	0	0	0	0	0	0	0	0
50	19c58d966c96158d1f04032878cba482	FEMALE	"35-49
"	2.5972222222222223	2.9722222222222223	3.0694444444444446	3.8472222222222223	3.986111111111111	4.138888888888889	4.069444444444445	3.1666666666666665	4.041666666666667	4.097222222222222	0	0	0	0	0	0	0	0
51	7a9c09bc841cddf568c10203a19bbee8	FEMALE	"35-49
"	0.5482456140350878	0.6096491228070176	0.6162280701754386	1.006578947368421	1.0789473684210527	1.2763157894736843	0.9912280701754386	0.8026315789473685	1.1140350877192982	1.2719298245614035	0	0	0	0	0	0	0	0
52	a72ba4d0b435894d77745d8f3a779337	MALE	"35-49
"	0.692	0.844	0.863	1.58	1.724	1.773	1.654	1.02	1.745	1.718	0	0	0	0	0	0	0	0
53	b389d717abaff153ae94d2c27d58ce21	FEMALE	"25-34
"	3.1346153846153846	3.6923076923076925	3.7115384615384617	4.4423076923076925	4.730769230769231	4.75	4.634615384615385	3.4423076923076925	4.730769230769231	4.769230769230769	0	0	0	0	0	0	0	0
54	cd0da710afd5760211b51fccf55cebc0	MALE	"25-34
"	0.643	0.796	0.825	1.242	1.404	1.375	1.324	0.813	1.406	1.328	0	0	0	0	0	0	0	0
55	61244154e362cece7e2d3c1139948bde	FEMALE	"25-34
"	0.736	0.923	0.964	1.515	1.657	1.598	1.559	0.973	1.586	1.69	0	0	0	0	0	0	0	0
56	d3fbad0a96845119d5dbd0e772c9fe53	MALE	"50-64
"	0.6903225806451613	0.7612903225806451	0.7645161290322581	1.229032258064516	1.2806451612903227	1.2903225806451613	1.4387096774193548	0.9612903225806452	1.335483870967742	1.3129032258064517	0	0	0	0	0	0	0	0
57	2fe79a680117c0471f04f0e15574ff32	MALE	"25-34
"	0.7376811594202899	0.9188405797101449	0.9521739130434783	1.3985507246376812	1.5072463768115942	1.4376811594202898	1.3695652173913044	0.9173913043478261	1.472463768115942	1.4608695652173913	0	0	0	0	0	0	0	0
58	71c28d43f222e37b10a8bb25c32f769b	MALE	"35-49
"	0.797	1.043	1.073	1.761	1.923	1.957	1.835	1.14	1.948	1.913	0	0	0	0	0	0	0	0
59	4e100982097898ed43731519079b2624	FEMALE	"35-49
"	1.0241935483870968	1.153225806451613	1.1612903225806452	2.056451612903226	2.1129032258064515	2.193548387096774	2.0080645161290325	1.5080645161290323	2.120967741935484	2.185483870967742	0	0	0	0	0	0	0	0
60	f19aeb556421957a652607f44cd0618d	MALE	"25-34
"	0.679	0.893	0.918	1.343	1.469	1.395	1.33	0.874	1.428	1.417	0	0	0	0	0	0	0	0
61	da115f57c51dfd62696dc17819c89c69	FEMALE	"50-64
"	1.1139240506329113	1.2658227848101267	1.3354430379746836	1.6329113924050633	1.7468354430379747	1.7658227848101267	1.8164556962025316	1.4177215189873418	1.759493670886076	1.7721518987341771	0	0	0	0	0	0	0	0
62	29b30793758d86f7106cd2f075389aeb	FEMALE	"25-34
"	2.5568181818181817	3.0568181818181817	3.2954545454545454	4.125	4.375	4.318181818181818	4.125	3.1704545454545454	4.306818181818182	4.3522727272727275	0	0	0	0	0	0	0	0
63	30d04c264517f10e8bc1ff1fa85cc171	MALE	"35-49
"	0.491869918699187	0.5487804878048781	0.5609756097560976	0.9989837398373984	1.0630081300813008	1.1788617886178863	1.0518292682926829	0.7266260162601627	1.1371951219512195	1.0945121951219512	0	0	0	0	0	0	0	0
64	07011b7672dfa64896c4c7b1b41ef95d	FEMALE	"35-49
"	1.8333333333333333	2.2	2.4	2.7	2.8666666666666667	2.933333333333333	2.7333333333333334	2.1666666666666665	2.933333333333333	2.8666666666666667	0	0	0	0	0	0	0	0
65	bca317bab408efbfb850aaf055948e47	FEMALE	"35-49
"	0.723	0.942	0.984	1.441	1.54	1.55	1.482	0.947	1.516	1.567	0	0	0	0	0	0	0	0
66	596e9d456290a697768556b7138a6785	FEMALE	"25-34
"	0.5845070422535211	0.7183098591549296	0.7241784037558685	0.9413145539906104	1.0316901408450705	1.0129107981220657	0.9800469483568075	0.6913145539906104	1.0070422535211268	1.0305164319248827	0	0	0	0	0	0	0	0
67	60b7e6f9392c51d9c5ac9322ffd55e34	FEMALE	"25-34
"	0.8188638799571275	1.1039657020364415	1.144694533762058	1.8681672025723473	2.135048231511254	2.1039657020364415	2.060021436227224	1.2186495176848875	2.114683815648446	2.15005359056806	0	0	0	0	0	0	0	0
68	5669fee8a5a0f3379e0bf9821d06b886	MALE	"35-49
"	0.7313131313131314	0.9	0.9212121212121213	1.7333333333333334	1.8535353535353536	1.9454545454545455	1.8616161616161617	1.1606060606060606	1.9414141414141415	1.8727272727272728	0	0	0	0	0	0	0	0
69	0cd4619d5395966996a64d0dd25ab76a	MALE	"25-34
"	0.6676737160120846	0.7915407854984894	0.8036253776435045	1.1148036253776434	1.3262839879154078	1.2356495468277946	1.1752265861027191	0.7824773413897281	1.3006042296072509	1.1691842900302114	0	0	0	0	0	0	0	0
70	11a689d54c4af2394bc91b4003e527f3	MALE	"35-49
"	0.733	0.873	0.895	1.661	1.801	1.881	1.789	1.117	1.853	1.843	0	0	0	0	0	0	0	0
71	ca59762fccbeb8a73f349c99a256a220	MALE	"35-49
"	0.7048192771084337	0.820281124497992	0.8473895582329317	1.6315261044176708	1.7751004016064258	1.8734939759036144	1.7911646586345382	1.070281124497992	1.8684738955823292	1.8062248995983936	0	0	0	0	0	0	0	0
72	b4f536c8c69f0fa770a87a84df93ff00	FEMALE	"35-49
"	0.719	0.846	0.882	1.747	1.904	2.039	1.923	1.195	1.93	2.041	0	0	0	0	0	0	0	0
73	4271744f41e075073f75870f64e15ed9	FEMALE	"25-34
"	0.4766734279918864	0.579107505070994	0.6338742393509128	1.0212981744421907	1.140973630831643	1.0578093306288032	1.0212981744421907	0.6906693711967545	1.054766734279919	1.1501014198782962	0	0	0	0	0	0	0	0
74	5041977a41240fa87c06e5d98500921a	FEMALE	"50-64
"	1.1041666666666667	1.1666666666666667	1.1875	1.7083333333333333	1.8333333333333333	1.8541666666666667	2.1041666666666665	1.4166666666666667	1.8958333333333333	1.9166666666666667	0	0	0	0	0	0	0	0
75	15510d987ae1b8906090db1a62efc5f0	MALE	"35-49
"	0.22899505766062603	0.26194398682042835	0.2833607907742998	1.1350906095551894	1.2355848434925865	1.301482701812191	0.8517298187808896	0.6392092257001647	1.3492586490939045	1.0955518945634266	0	0	0	0	0	0	0	0
76	01af1cc8a0aad1ba7d237d1144338bc6	FEMALE	"25-34
"	0.6224226804123711	0.7822164948453608	0.8131443298969072	1.106958762886598	1.2306701030927836	1.1623711340206186	1.1082474226804124	0.7809278350515464	1.1507731958762886	1.231958762886598	0	0	0	0	0	0	0	0
77	49bdb7f4175a6af1a20fb87610e938dd	MALE	"35-49
"	0.723	0.899	0.909	1.46	1.577	1.658	1.583	0.951	1.648	1.585	0	0	0	0	0	0	0	0
78	c330c997feb912afba713bad6bba2dcb	FEMALE	"25-34
"	0.8142857142857143	0.9142857142857143	1.1571428571428573	1.7	1.8428571428571427	1.7714285714285714	1.6428571428571428	1.2142857142857142	1.8285714285714285	1.8285714285714285	0	0	0	0	0	0	0	0
79	da0d0e3527b931bb0bc6f5435003ea2a	MALE	"25-34
"	0.567	0.773	0.807	1.171	1.247	1.198	1.138	0.722	1.218	1.204	0	0	0	0	0	0	0	0
80	7ef4b07863703ef906a27c6cc1ef2cf1	MALE	"25-34
"	0.706060606060606	0.8075757575757576	0.8227272727272728	1.2727272727272727	1.5257575757575759	1.4954545454545454	1.540909090909091	0.8727272727272727	1.5742424242424242	1.446969696969697	0	0	0	0	0	0	0	0
81	a959267774764d936d94ee292e992fa0	FEMALE	"35-49
"	1.2	1.3	1.3	2.2666666666666666	2.466666666666667	2.533333333333333	2.4	1.9666666666666666	2.466666666666667	2.6	0	0	0	0	0	0	0	0
82	ebe3d72e3e5ee4a2bb39ebe437ad1235	FEMALE	"35-49
"	0.0	0.0	0.0	0.0	0.0	0.0	0.0	0.0	0.0	0.0	0	0	0	0	0	0	0	0
83	2a51019ad188fecb32cc429c4b4895ed	MALE	"50-64
"	1.3217922606924644	1.6171079429735233	1.64969450101833	2.4521384928716903	2.6822810590631363	2.706720977596741	2.830957230142566	1.704684317718941	2.745417515274949	2.6924643584521384	0	0	0	0	0	0	0	0
84	15bfa35315fb53d6d2116e103e744db2	MALE	"35-49
"	0.8057851239669421	0.8987603305785123	0.9152892561983471	1.2975206611570247	1.4028925619834711	1.5082644628099173	1.3243801652892562	0.9834710743801653	1.4524793388429753	1.4297520661157024	0	0	0	0	0	0	0	0
85	361a5b6f327d74344f0f8c4cd7c27970	MALE	"25-34
"	0.3430232558139535	0.36191860465116277	0.39825581395348836	1.4709302325581395	1.7005813953488371	1.501453488372093	1.0741279069767442	0.7572674418604651	1.6744186046511629	1.3837209302325582	0	0	0	0	0	0	0	0
86	a69ad6efd8ad2bdd8f82cff2a211246c	MALE	"18-24
"	0.8349056603773585	1.1014150943396226	1.125	2.2476415094339623	2.0023584905660377	1.9870283018867925	1.911556603773585	1.2382075471698113	2.0648584905660377	1.9764150943396226	0	0	0	0	0	0	0	0
87	74e478007dff9ad57d9457ad742d56af	MALE	"35-49
"	0.678	0.839	0.866	1.247	1.361	1.435	1.348	0.884	1.416	1.365	0	0	0	0	0	0	0	0
88	6904623191a2ed14d61525633a5f5745	MALE	"35-49
"	0.6319218241042345	0.747557003257329	0.7687296416938111	1.1449511400651466	1.216612377850163	1.257328990228013	1.1563517915309447	0.8306188925081434	1.234527687296417	1.219869706840391	0	0	0	0	0	0	0	0
89	94caf93e855189a05d5b447b0a283b97	MALE	"35-49
"	0.45093457943925236	0.5	0.5327102803738317	1.6565420560747663	1.7476635514018692	1.7242990654205608	1.1822429906542056	0.9415887850467289	1.841121495327103	1.5630841121495327	0	0	0	0	0	0	0	0
90	5d37a3f93178969523645e39a0cc8765	MALE	"35-49
"	0.756	0.98	1.008	1.712	1.828	1.873	1.741	1.087	1.848	1.845	0	0	0	0	0	0	0	0
91	15da7a31e797260960cbf04350085241	FEMALE	"25-34
"	1.105263157894737	1.2105263157894737	1.25	1.75	1.7894736842105263	1.75	1.75	1.4473684210526316	1.736842105263158	1.8026315789473684	0	0	0	0	0	0	0	0
92	ef8f4e9239e3511c06872ab3cd2f353d	MALE	"35-49
"	0.541	0.655	0.696	0.898	0.96	1.014	0.96	0.662	0.989	0.977	0	0	0	0	0	0	0	0
93	6a377f646423ce1136bce7906e225e6a	FEMALE	"35-49
"	1.3709677419354838	1.5806451612903225	1.5806451612903225	2.1129032258064515	2.2096774193548385	2.3548387096774195	2.0806451612903225	1.7741935483870968	2.225806451612903	2.338709677419355	0	0	0	0	0	0	0	0
94	d06938831492a48c70d30cebf98f7376	FEMALE	"25-34
"	0.643	0.807	0.827	1.411	1.581	1.51	1.469	0.891	1.501	1.591	0	0	0	0	0	0	0	0
95	439c1284e6c3d9000f1ac2ac4df45641	FEMALE	"35-49
"	0.798	1.017	1.05	1.636	1.778	1.845	1.742	1.099	1.767	1.872	0	0	0	0	0	0	0	0
96	8de2105c1c2af55efadd26c38d57a6d7	FEMALE	"35-49
"	1.15	1.265	1.29	1.915	1.955	2.055	1.93	1.385	1.98	2.045	0	0	0	0	0	0	0	0
97	1615a8f53c2f674adbec6829fa99e52e	MALE	"35-49
"	0.698	0.828	0.851	1.494	1.617	1.695	1.621	0.987	1.677	1.627	0	0	0	0	0	0	0	0
98	5c23cde33163f2ad77c2e7a63814811b	FEMALE	"35-49
"	0.688	0.895	0.978	1.375	1.469	1.509	1.419	0.951	1.454	1.537	0	0	0	0	0	0	0	0
99	54ae8d1820c6f6c78ca29313dc0c0428	FEMALE	"35-49
"	0.9230769230769231	1.0256410256410255	1.0384615384615385	1.5	1.6282051282051282	1.6923076923076923	1.4487179487179487	1.2307692307692308	1.5769230769230769	1.6794871794871795	0	0	0	0	0	0	0	0
100	960c08e2ef0351c0bb50e4a109246880	FEMALE	"25-34
"	0.9513888888888888	1.0625	1.0972222222222223	1.3333333333333333	1.4513888888888888	1.4652777777777777	1.3611111111111112	1.0694444444444444	1.4444444444444444	1.4791666666666667	0	0	0	0	0	0	0	0
101	2b008cd4452e21f9e8ca50417c27de2a	MALE	"50-64
"	0.787	1.007	1.034	1.812	1.994	1.99	2.062	1.145	2.035	1.964	0	0	0	0	0	0	0	0
102	52aaad35ca8012830a81d2f5a0799df7	FEMALE	"25-34
"	0.8215767634854771	1.04149377593361	1.0816044260027662	1.5297372060857537	1.6680497925311204	1.6500691562932226	1.6224066390041494	1.1065006915629323	1.6127247579529738	1.7109266943291839	0	0	0	0	0	0	0	0
103	415e74d3bc6d91f2a623c34b596c1703	FEMALE	"50-64
"	1.476340694006309	1.750788643533123	1.8107255520504733	2.5425867507886437	2.6529968454258674	2.694006309148265	2.769716088328076	1.8801261829652998	2.67192429022082	2.7570977917981074	0	0	0	0	0	0	0	0
104	bdf01756be5835c7085edc652e5e166b	MALE	"35-49
"	1.112044817927171	1.3529411764705883	1.3837535014005602	2.4243697478991595	2.6372549019607843	2.69327731092437	2.542016806722689	1.5182072829131652	2.6904761904761907	2.61624649859944	0	0	0	0	0	0	0	0
105	5c7304d9543740c317a0d1e0b692b890	MALE	"35-49
"	0.6409921671018277	0.7885117493472585	0.8054830287206266	1.1214099216710183	1.1840731070496084	1.2362924281984333	1.1266318537859008	0.8707571801566579	1.2493472584856398	1.1475195822454307	0	0	0	0	0	0	0	0
106	d320d1ee442f41642f67da69343c1b02	FEMALE	"35-49
"	0.7525150905432596	0.9899396378269618	1.0492957746478873	1.5070422535211268	1.6056338028169015	1.6740442655935615	1.5744466800804828	1.0442655935613683	1.6046277665995976	1.6800804828973843	0	0	0	0	0	0	0	0
107	d9ee6cc0a5712fbe4c4d06465ab5b939	MALE	"25-34
"	0.7361751152073732	0.9297235023041475	0.9585253456221198	1.4377880184331797	1.6497695852534562	1.597926267281106	1.5633640552995391	0.9493087557603687	1.6474654377880185	1.566820276497696	0	0	0	0	0	0	0	0
108	97876a6b94536deb4c5583f9a756ab72	MALE	"18-24
"	0.646	0.803	0.837	1.693	1.535	1.531	1.491	0.939	1.554	1.553	0	0	0	0	0	0	0	0
109	e1b03a25e9d639ce79cd3779e117b60e	MALE	"50-64
"	0.6976744186046512	0.7848837209302325	0.8546511627906976	1.063953488372093	1.0872093023255813	1.1453488372093024	1.2034883720930232	0.8197674418604651	1.1744186046511629	1.1104651162790697	0	0	0	0	0	0	0	0
110	247785669a51715032b120566812f2a9	FEMALE	"35-49
"	1.0702479338842976	1.274793388429752	1.3016528925619835	2.0351239669421486	2.1508264462809916	2.2458677685950414	2.103305785123967	1.3946280991735538	2.152892561983471	2.291322314049587	0	0	0	0	0	0	0	0
111	4687f84cb54bda94350da7f67e51a823	FEMALE	"35-49
"	0.8703241895261845	1.1384039900249376	1.1783042394014962	1.8827930174563592	2.0286783042394014	2.1271820448877805	1.9226932668329177	1.201995012468828	2.0623441396508726	2.0785536159600997	0	0	0	0	0	0	0	0
112	88d1f93972e3c4462b85bc2fa7a9eaae	MALE	"50-64
"	2.125	2.480769230769231	2.519230769230769	3.576923076923077	3.9038461538461537	3.8365384615384617	3.8846153846153846	2.9615384615384617	3.8461538461538463	3.923076923076923	0	0	0	0	0	0	0	0
113	16ff60e6cd1df70dcfb2de4755089823	MALE	"25-34
"	0.5971502590673575	0.6930051813471503	0.7085492227979274	1.528497409326425	1.4585492227979275	1.2474093264248705	1.1787564766839378	0.7797927461139896	1.4352331606217616	1.2681347150259068	0	0	0	0	0	0	0	0
114	fa294b42e0f15881bbb29812b5f51be8	FEMALE	"18-24
"	0.8600973236009732	1.1763990267639903	1.2871046228710463	2.1374695863746958	2.037712895377129	1.9878345498783454	1.897810218978102	1.2469586374695865	1.9635036496350364	2.1009732360097324	0	0	0	0	0	0	0	0
115	025caf45aaec8db680b23464b930e8bc	FEMALE	"35-49
"	0.7720588235294118	0.9203431372549019	0.991421568627451	1.3615196078431373	1.4816176470588236	1.536764705882353	1.4522058823529411	0.9215686274509803	1.4779411764705883	1.5490196078431373	0	0	0	0	0	0	0	0
116	2f5b4f04c75499f11f8d5bf10f1508ee	MALE	"18-24
"	0.4246575342465753	0.4657534246575342	0.4794520547945205	1.5890410958904109	0.9726027397260274	0.9246575342465754	0.8698630136986302	0.6232876712328768	1.0136986301369864	0.958904109589041	0	0	0	0	0	0	0	0
117	c9eab45ae20780123384cceb6679946c	FEMALE	"35-49
"	3.1818181818181817	3.6	3.6363636363636362	4.745454545454545	5.072727272727272	5.327272727272727	5.218181818181818	3.690909090909091	5.181818181818182	5.254545454545455	0	0	0	0	0	0	0	0
118	de0f088339eda6d3751034d06ea5845f	FEMALE	"35-49
"	0.4895833333333333	0.5208333333333334	0.5416666666666666	0.9479166666666666	0.9583333333333334	0.9895833333333334	0.8125	0.65625	0.9270833333333334	1.0104166666666667	0	0	0	0	0	0	0	0
119	d6f0e6c74ed8fb8972f704f046daf3e1	FEMALE	"25-34
"	0.0	0.0	0.0	0.0	0.0	0.0	0.0	0.0	0.0	0.0	0	0	0	0	0	0	0	0
120	705094019aa3bee64efd10647d102ecd	FEMALE	"25-34
"	2.3013698630136985	2.8424657534246576	2.8835616438356166	3.6027397260273974	3.808219178082192	3.719178082191781	3.6575342465753424	2.6164383561643834	3.7534246575342465	3.815068493150685	0	0	0	0	0	0	0	0
121	0540e2e4345d415ee85a6fc7314f4536	FEMALE	"50-64
"	1.7894736842105263	2.036842105263158	2.0842105263157893	2.889473684210526	3.0157894736842104	3.1	3.1736842105263157	2.1789473684210527	3.057894736842105	3.205263157894737	0	0	0	0	0	0	0	0
122	b84141d84804efbc9f6760f3df19b6b9	MALE	"35-49
"	0.6675191815856778	0.7621483375959079	0.7659846547314578	1.2966751918158568	1.370843989769821	1.4462915601023019	1.3286445012787724	0.8516624040920716	1.4411764705882353	1.3580562659846547	0	0	0	0	0	0	0	0
123	255291fff1e306d3332da3464011ee91	FEMALE	"50-64
"	0.48767967145790553	0.5513347022587269	0.5626283367556468	1.0544147843942504	1.1375770020533882	1.1550308008213552	1.3326488706365502	0.7361396303901437	1.1386036960985626	1.2741273100616017	0	0	0	0	0	0	0	0
124	b94c091c649fa9b7703a9f4a0ffb3304	MALE	"35-49
"	0.6217494089834515	0.6855791962174941	0.710401891252955	1.6619385342789599	1.8356973995271868	1.9527186761229314	1.6205673758865249	1.0697399527186762	1.9408983451536643	1.7541371158392436	0	0	0	0	0	0	0	0
125	dd066409a86e37f7ba41ed32fad5fed9	FEMALE	"35-49
"	1.5277777777777777	1.6111111111111112	1.6388888888888888	2.4722222222222223	2.5833333333333335	2.7222222222222223	2.5833333333333335	2.138888888888889	2.638888888888889	2.6944444444444446	0	0	0	0	0	0	0	0
126	9e09ba7e55b90376e332cd129de54532	FEMALE	"35-49
"	0.0	0.0	0.0	0.0	0.0	0.0	0.0	0.0	0.0	0.0	0	0	0	0	0	0	0	0
127	4f853858087bc7aedc4533f70983df45	MALE	"35-49
"	0.4879032258064516	0.5685483870967742	0.6300403225806451	0.9576612903225806	1.0252016129032258	1.0715725806451613	0.998991935483871	0.6633064516129032	1.0463709677419355	1.0483870967741935	0	0	0	0	0	0	0	0
128	5c83a98f3d8627a98496d9bbcbb97c3f	FEMALE	"18-24
"	0.619	0.679	0.687	1.854	1.518	1.557	1.508	0.924	1.547	1.634	0	0	0	0	0	0	0	0
129	d7494a26e610ec1f0b0171c755d4fef9	MALE	"50-64
"	1.020297699594046	1.3355886332882274	1.3788903924221922	2.1123139377537212	2.3572395128552097	2.4100135317997293	2.516914749661705	1.4397834912043301	2.451962110960758	2.3870094722598107	0	0	0	0	0	0	0	0
130	d865063bfe8c8dd59b4d542b98e028d1	FEMALE	"35-49
"	0.5370370370370371	0.6407407407407407	0.674074074074074	0.8740740740740741	0.9462962962962963	0.9611111111111111	0.8888888888888888	0.6759259259259259	0.9203703703703704	0.9851851851851852	0	0	0	0	0	0	0	0
131	4df797da477178b8c07b7f67055fe1b6	MALE	"35-49
"	0.9123076923076923	1.1707692307692308	1.2307692307692308	1.5815384615384616	1.646153846153846	1.6861538461538461	1.5984615384615384	1.1046153846153846	1.6646153846153846	1.6630769230769231	0	0	0	0	0	0	0	0
132	2f13a205f26f09c92c2d16633087e5e2	MALE	"25-34
"	0.732	0.922	0.942	1.556	1.727	1.657	1.578	0.99	1.681	1.667	0	0	0	0	0	0	0	0
133	a143ec21ceafdfef310420026306c32b	FEMALE	"35-49
"	1.3852459016393444	1.4754098360655739	1.4836065573770492	2.3360655737704916	2.360655737704918	2.4754098360655736	2.3278688524590163	1.7540983606557377	2.442622950819672	2.4754098360655736	0	0	0	0	0	0	0	0
134	46bce687f790f4688a582da097b604ef	MALE	"25-34
"	0.472	0.575	0.601	0.805	0.975	0.839	0.82	0.566	0.911	0.84	0	0	0	0	0	0	0	0
135	201f19d94e26eb3737dea8ae5141dff3	MALE	"35-49
"	0.788	1.095	1.138	1.758	1.907	1.965	1.845	1.133	1.941	1.913	0	0	0	0	0	0	0	0
136	8ce2f0ac07f7d1961e395a526ca35a3a	FEMALE	"25-34
"	0.0	0.0	0.0	0.0	0.0	0.0	0.0	0.0	0.0	0.0	0	0	0	0	0	0	0	0
137	3d363c460b501243b3cc01c8ef8c7e54	FEMALE	"25-34
"	0.76	0.952	1.015	1.723	1.957	1.867	1.787	1.117	1.849	1.962	0	0	0	0	0	0	0	0
138	6df62259a7da8075617a9ff97bb265c1	MALE	"35-49
"	1.0485175202156334	1.3477088948787062	1.4110512129380053	2.27088948787062	2.501347708894879	2.623989218328841	2.4743935309973044	1.486522911051213	2.579514824797844	2.5215633423180592	0	0	0	0	0	0	0	0
139	ebfe51690037acec510b6d10d4e58ea5	MALE	"25-34
"	0.744	0.874	0.889	1.846	2.116	2.023	1.968	1.14	2.081	2.057	0	0	0	0	0	0	0	0
140	4753ee601fd03f972db901b5c335d3c0	MALE	"35-49
"	0.0	0.0	0.0	0.0	0.0	0.0	0.0	0.0	0.0	0.0	0	0	0	0	0	0	0	0
141	19a9a1af56559b5d299fae4cbac79a0f	FEMALE	"35-49
"	1.3333333333333333	1.3888888888888888	1.3888888888888888	3.111111111111111	3.2222222222222223	3.2777777777777777	3.0	1.8888888888888888	3.2777777777777777	3.388888888888889	0	0	0	0	0	0	0	0
142	9e9ed6f48519eee134596bbcd3274364	FEMALE	"50-64
"	0.354	0.384	0.393	0.685	0.725	0.763	0.799	0.499	0.756	0.775	0	0	0	0	0	0	0	0
143	0da3490da6546ea6fca9b9a2af035647	MALE	"18-24
"	0.739	0.994	1.029	1.799	1.668	1.633	1.545	0.965	1.673	1.64	0	0	0	0	0	0	0	0
144	1db47c5c402644d97c51e020d472dffd	FEMALE	"50-64
"	0.6572398190045249	0.753393665158371	0.7726244343891403	1.3766968325791855	1.505656108597285	1.583710407239819	1.6809954751131222	0.9671945701357466	1.5350678733031675	1.6414027149321266	0	0	0	0	0	0	0	0
145	05c65e6d23acd96bcabdd6dfd3ce6dd6	MALE	"35-49
"	0.6622983870967742	0.7671370967741935	0.7741935483870968	1.3971774193548387	1.4858870967741935	1.5534274193548387	1.5040322580645162	0.9304435483870968	1.5463709677419355	1.5120967741935485	0	0	0	0	0	0	0	0
146	9faf9af6f25373fdc722be0e07938a00	FEMALE	"35-49
"	2.169642857142857	2.482142857142857	2.5982142857142856	3.205357142857143	3.357142857142857	3.4464285714285716	3.3214285714285716	2.5357142857142856	3.357142857142857	3.517857142857143	0	0	0	0	0	0	0	0
147	fd5b4c852ce49baef7a888198853917c	MALE	"35-49
"	0.784	0.977	0.992	1.754	1.937	2.005	1.919	1.128	1.979	1.962	0	0	0	0	0	0	0	0
148	ac9bec22ac3b5c33abd7299845283f9f	FEMALE	"65-xx
"	0.9166666666666666	0.9583333333333334	0.9583333333333334	2.2083333333333335	2.3125	2.375	2.25	3.2291666666666665	2.3541666666666665	2.4583333333333335	0	0	0	0	0	0	0	0
149	a127f04a582d64d2fc3a1d14390eccc5	FEMALE	"18-24
"	1.3076923076923077	1.5288461538461537	1.5576923076923077	2.625	2.173076923076923	2.2211538461538463	2.105769230769231	1.6923076923076923	2.1923076923076925	2.2211538461538463	0	0	0	0	0	0	0	0
150	99e4aebbe85cd43b556eb49858542e6d	FEMALE	"35-49
"	0.7076612903225806	0.8901209677419355	0.9183467741935484	1.435483870967742	1.5534274193548387	1.6512096774193548	1.5897177419354838	1.0	1.5443548387096775	1.6713709677419355	0	0	0	0	0	0	0	0
151	4061fe4e70fa836d2e5810165166ddcb	FEMALE	"35-49
"	1.4222222222222223	1.751111111111111	1.8044444444444445	2.6555555555555554	2.8466666666666667	2.9644444444444447	2.8666666666666667	1.8644444444444443	2.902222222222222	2.96	0	0	0	0	0	0	0	0
152	1e51e1f0ccf130be68b42fdaf201f40e	MALE	"25-34
"	0.8828828828828829	1.162162162162162	1.1917631917631917	1.9086229086229087	2.1196911196911197	2.093951093951094	2.0707850707850706	1.268983268983269	2.138996138996139	2.0926640926640925	0	0	0	0	0	0	0	0
153	2aef5fe58e8206aefd313324178696c9	FEMALE	"25-34
"	3.5357142857142856	4.119047619047619	4.309523809523809	5.0476190476190474	5.392857142857143	5.309523809523809	5.261904761904762	3.9285714285714284	5.25	5.416666666666667	0	0	0	0	0	0	0	0
154	dd44957ee74db121a397cab2b4080379	MALE	"25-34
"	0.8099290780141843	1.0099290780141843	1.0340425531914894	1.575886524822695	1.6893617021276597	1.6439716312056738	1.5659574468085107	1.0581560283687943	1.6780141843971632	1.6397163120567375	0	0	0	0	0	0	0	0
155	becac0d89a5fe1fd565ace075ad52740	FEMALE	"35-49
"	0.572972972972973	0.6135135135135135	0.6270270270270271	1.1162162162162161	1.162162162162162	1.2351351351351352	1.1189189189189188	0.7972972972972973	1.1783783783783783	1.218918918918919	0	0	0	0	0	0	0	0
156	2c3b9d59ebd9cb7abe4665754b1dbd9c	FEMALE	"50-64
"	0.3691683569979716	0.40466531440162273	0.4077079107505071	0.7352941176470589	0.795131845841785	0.7931034482758621	0.847870182555781	0.5111561866125761	0.7799188640973631	0.8387423935091278	0	0	0	0	0	0	0	0
157	39fbe20fc952cd15ad7c963a9d7f01a5	MALE	"18-24
"	0.2020460358056266	0.21483375959079284	0.24296675191815856	1.3746803069053708	1.0179028132992327	0.9335038363171355	0.6355498721227621	0.4731457800511509	1.0601023017902813	0.8682864450127877	0	0	0	0	0	0	0	0
158	ffe80a44666c1d12f61d0ad47499eb1e	MALE	"50-64
"	1.1642857142857144	1.2785714285714285	1.2785714285714285	1.9357142857142857	2.0357142857142856	2.107142857142857	2.1785714285714284	1.542857142857143	2.1142857142857143	2.1	0	0	0	0	0	0	0	0
159	fe3e3e680ba647137f5b47fa931072b3	MALE	"35-49
"	1.0160116448326055	1.2983988355167395	1.3493449781659388	1.9592430858806404	2.1149927219796214	2.1470160116448325	2.074235807860262	1.3260553129548762	2.1601164483260553	2.11353711790393	0	0	0	0	0	0	0	0
160	49d61fe719d98c6cbedbd430945336b4	MALE	"35-49
"	0.8720379146919431	1.161137440758294	1.1943127962085307	1.6635071090047393	1.8009478672985781	1.8400473933649288	1.7914691943127963	1.1386255924170616	1.835308056872038	1.8222748815165877	0	0	0	0	0	0	0	0
161	db0a258fa0f6e8b6e008ab9f62a4b58d	FEMALE	"35-49
"	0.7130102040816326	0.8635204081632653	0.8839285714285714	1.3915816326530612	1.5204081632653061	1.5816326530612246	1.468112244897959	0.9451530612244898	1.5229591836734695	1.5561224489795917	0	0	0	0	0	0	0	0
162	62fce7e595e9d3b9255ba68bc0ca4f67	FEMALE	"35-49
"	0.661	0.805	0.827	1.469	1.623	1.667	1.545	0.939	1.586	1.697	0	0	0	0	0	0	0	0
163	330afc0d53fa05e546fef9ec5ee76d3d	FEMALE	"25-34
"	0.82	0.9836363636363636	1.009090909090909	1.4	1.510909090909091	1.4672727272727273	1.4254545454545455	0.9781818181818182	1.4727272727272727	1.52	0	0	0	0	0	0	0	0
164	fb5fbb5cef0fd5f64d031b4a39bc4dec	MALE	"35-49
"	0.709	0.898	0.927	1.524	1.605	1.639	1.538	0.973	1.629	1.598	0	0	0	0	0	0	0	0
165	1fb2a7e3c8ecb108e058848318a0f0c9	FEMALE	"25-34
"	0.9418886198547215	1.2058111380145278	1.234866828087167	2.162227602905569	2.371670702179177	2.311138014527845	2.2663438256658597	1.3631961259079903	2.314769975786925	2.3934624697336564	0	0	0	0	0	0	0	0
166	4a9c6df0b335c37ef60611c592c3d154	MALE	"25-34
"	0.7740963855421686	0.998995983935743	1.035140562248996	1.6716867469879517	1.819277108433735	1.7821285140562249	1.7469879518072289	1.0783132530120483	1.8132530120481927	1.7951807228915662	0	0	0	0	0	0	0	0
167	491f51cc73a8136a66ecfa5349567d08	MALE	"35-49
"	0.8254545454545454	1.010909090909091	1.038181818181818	1.4090909090909092	1.5	1.5654545454545454	1.5054545454545454	1.0236363636363637	1.549090909090909	1.5254545454545454	0	0	0	0	0	0	0	0
168	bf64d7a11ad98d18951a96b2bd82f4f2	FEMALE	"35-49
"	0.21942857142857142	0.24571428571428572	0.256	0.5862857142857143	0.648	0.7965714285714286	0.5051428571428571	0.3851428571428571	0.6777142857142857	0.7428571428571429	0	0	0	0	0	0	0	0
169	b00d4a7efad641297d13e214a80a00c0	MALE	"35-49
"	0.9406060606060606	1.2036363636363636	1.2606060606060605	2.206060606060606	2.367272727272727	2.4072727272727272	2.309090909090909	1.4290909090909092	2.4254545454545453	2.3866666666666667	0	0	0	0	0	0	0	0
170	5b199184b468e2051dfcc8427b0d3f8f	MALE	"25-34
"	0.676	0.915	0.947	1.274	1.37	1.34	1.281	0.832	1.362	1.334	0	0	0	0	0	0	0	0
171	de7ec050322b2cb28f5f138747e937b5	MALE	"50-64
"	0.7738814993954051	0.9891172914147521	1.0193470374848852	1.562273276904474	1.667472793228537	1.67956469165659	1.7255139056831923	1.0846432889963724	1.694074969770254	1.67956469165659	0	0	0	0	0	0	0	0
172	b29383409886a8f4525b52eb55c7b2e7	MALE	"25-34
"	0.6222444889779559	0.7545090180360722	0.7715430861723447	1.191382765531062	1.3527054108216432	1.2735470941883769	1.2264529058116231	0.7575150300601202	1.3346693386773547	1.25250501002004	0	0	0	0	0	0	0	0
173	cc999c5dca2217ae1fa0d417f33fadca	MALE	"50-64
"	0.44753086419753085	0.4845679012345679	0.49382716049382713	0.8611111111111112	0.9537037037037037	0.9567901234567902	1.0185185185185186	0.6327160493827161	1.0154320987654322	0.9259259259259259	0	0	0	0	0	0	0	0
174	d922601b401d0a5c72e4e0fe232f039a	FEMALE	"18-24
"	0.7020585048754063	0.8927410617551462	0.9111592632719393	1.7248104008667389	1.6327193932827735	1.6143011917659804	1.5319609967497292	0.9209100758396533	1.629469122426869	1.6500541711809318	0	0	0	0	0	0	0	0
175	42e11d56798c7d2eeb401905fd2c43be	FEMALE	"25-34
"	0.6239583333333333	0.8208333333333333	0.8479166666666667	1.253125	1.3927083333333334	1.346875	1.2802083333333334	0.8510416666666667	1.328125	1.3989583333333333	0	0	0	0	0	0	0	0
176	1d5c9e2c52e7810c9d4bab6a1ed0d73f	FEMALE	"25-34
"	0.8854296388542964	1.1544209215442092	1.1880448318804484	1.8642590286425902	2.049813200498132	1.99626400996264	1.9638854296388544	1.2528019925280198	1.9713574097135742	2.0946450809464507	0	0	0	0	0	0	0	0
177	d55a840544dcbdaa40a72afa5ed94e2f	MALE	"35-49
"	0.614	0.688	0.7	1.372	1.43	1.522	1.437	0.928	1.51	1.465	0	0	0	0	0	0	0	0
178	153a084dc32a339d356619232f3dea59	MALE	"50-64
"	1.2140077821011672	1.3579766536964981	1.3754863813229572	2.762645914396887	3.0	3.0486381322957197	3.1186770428015564	1.745136186770428	3.0894941634241246	3.035019455252918	0	0	0	0	0	0	0	0
179	f09f1914be5fb34479264b1117b41508	MALE	"25-34
"	0.473	0.571	0.582	0.982	1.161	1.109	1.067	0.645	1.137	1.094	0	0	0	0	0	0	0	0
180	75470794aa1249218c8d5699018560ab	FEMALE	"50-64
"	1.0623916811091854	1.3102253032928943	1.3570190641247835	2.0381282495667246	2.2079722703639515	2.2391681109185444	2.268630849220104	1.540727902946274	2.197573656845754	2.3084922010398614	0	0	0	0	0	0	0	0
181	60d21d384ea52074f685904742b8cd4e	MALE	"35-49
"	0.4646302250803859	0.49517684887459806	0.4983922829581994	0.9903536977491961	1.04983922829582	1.094855305466238	0.954983922829582	0.6864951768488746	1.085209003215434	1.0337620578778135	0	0	0	0	0	0	0	0
182	833f9711a4e415b8398c8ddffbeac33d	FEMALE	"18-24
"	0.597	0.775	0.804	1.404	1.234	1.212	1.157	0.749	1.211	1.28	0	0	0	0	0	0	0	0
183	3ddc3d28ab03243984730b5a09efeb48	MALE	"35-49
"	0.757884028484232	0.9542217700915565	0.9949135300101729	1.918616480162767	2.095625635808749	2.1241098677517805	1.9796541200406919	1.207527975584944	2.1251271617497456	2.096642929806714	0	0	0	0	0	0	0	0
184	c0c92b0debe3dc52396f9441d3b7bd4d	FEMALE	"25-34
"	0.6679151061173533	0.8289637952559301	0.8601747815230961	1.1061173533083646	1.198501872659176	1.1610486891385767	1.1410736579275904	0.7677902621722846	1.1697877652933832	1.2072409488139826	0	0	0	0	0	0	0	0
185	4de662e0e342a9ded396c7415de91a56	MALE	"35-49
"	0.7960725075528701	0.9290030211480362	0.947129909365559	1.4622356495468278	1.5770392749244713	1.6223564954682779	1.5302114803625377	1.013595166163142	1.6148036253776434	1.56797583081571	0	0	0	0	0	0	0	0
186	e1be97bb60f62f1399a95c9fcb8f85d7	FEMALE	"25-34
"	0.4365079365079365	0.48412698412698413	0.4880952380952381	0.7658730158730159	1.0238095238095237	0.8849206349206349	0.7738095238095238	0.6190476190476191	0.8214285714285714	1.0396825396825398	0	0	0	0	0	0	0	0
187	7aa419002c37d211fecd08bcbb3fc714	FEMALE	"35-49
"	0.47039473684210525	0.5197368421052632	0.5263157894736842	0.930921052631579	0.9901315789473685	1.0789473684210527	0.9111842105263158	0.7368421052631579	0.9835526315789473	1.0460526315789473	0	0	0	0	0	0	0	0
188	c3aff41dc71ebbf69d5e15c4f4584aee	MALE	"50-64
"	0.5995995995995996	0.7607607607607607	0.7927927927927928	1.1411411411411412	1.2122122122122123	1.2232232232232232	1.2802802802802802	0.7887887887887888	1.2482482482482482	1.2432432432432432	0	0	0	0	0	0	0	0
189	4392ce5936db3591f713b0171ffd0e17	FEMALE	"50-64
"	0.04245283018867924	0.04245283018867924	0.04245283018867924	0.330188679245283	0.3113207547169811	0.32075471698113206	0.3584905660377358	0.2169811320754717	0.32547169811320753	0.38207547169811323	0	0	0	0	0	0	0	0
190	0868068f24a5eeb517141bb58e531738	FEMALE	"50-64
"	0.625886524822695	0.6950354609929078	0.7039007092198581	1.1170212765957446	1.1897163120567376	1.179078014184397	1.3102836879432624	0.7943262411347518	1.179078014184397	1.2624113475177305	0	0	0	0	0	0	0	0
191	1b50196b8436f77669bdee925a2c4dfa	FEMALE	"25-34
"	1.0453648915187377	1.2011834319526626	1.21301775147929	1.913214990138067	2.1775147928994083	2.1045364891518736	2.2840236686390534	1.3925049309664694	2.1814595660749507	2.1222879684418148	0	0	0	0	0	0	0	0
192	5ee4f3885e087a57d20ce4545d0f15a0	MALE	"25-34
"	0.633	0.792	0.818	1.411	1.65	1.515	1.442	0.962	1.572	1.556	0	0	0	0	0	0	0	0
193	871f9e9590b7102a0c5021ea30f388d2	MALE	"50-64
"	0.8410931174089069	0.9898785425101214	1.0010121457489878	2.3785425101214575	2.5890688259109313	2.6487854251012144	2.882591093117409	1.4473684210526316	2.7449392712550607	2.6497975708502026	0	0	0	0	0	0	0	0
194	611d21bbf8ba18cfedb76104c117ff76	MALE	"35-49
"	0.728	0.892	0.913	1.589	1.703	1.766	1.639	1.033	1.737	1.72	0	0	0	0	0	0	0	0
195	c5c76c3a14f42b09a61cfae383f4e867	MALE	"35-49
"	0.611969111969112	0.6486486486486487	0.6525096525096525	1.1718146718146718	1.281853281853282	1.33011583011583	1.223938223938224	0.8532818532818532	1.3281853281853282	1.2567567567567568	0	0	0	0	0	0	0	0
196	3316270c2e911fc9ee491dbad386ed4e	MALE	"65-xx
"	0.398	0.433	0.437	0.824	0.864	0.874	0.832	1.298	0.954	0.846	0	0	0	0	0	0	0	0
197	afbd211ae593ffa10484bfef62b7ba81	MALE	"35-49
"	0.8482142857142857	0.9352678571428571	0.9419642857142857	1.5066964285714286	1.6517857142857142	1.7790178571428572	1.6473214285714286	1.1004464285714286	1.7410714285714286	1.6785714285714286	0	0	0	0	0	0	0	0
198	278578135bfa56ada28f14085db9307b	FEMALE	"25-34
"	0.625	0.6875	0.71875	1.90625	2.0625	2.0	1.59375	1.34375	2.0625	1.875	0	0	0	0	0	0	0	0
199	82afe6d0e442474805f60abaae33b16d	MALE	"35-49
"	0.73	0.918	0.936	1.392	1.52	1.597	1.503	0.938	1.587	1.512	0	0	0	0	0	0	0	0
200	ddee9ef7cd0ca20b9fb02c3e0fca4b6c	MALE	"65-xx
"	0.605	0.706	0.723	1.558	1.679	1.682	1.666	2.856	1.788	1.719	0	0	0	0	0	0	0	0
201	7ef07ccaeb4ab25bb792f4c1261fa6a0	FEMALE	"35-49
"	0.40981963927855714	0.4759519038076152	0.48997995991983967	0.8296593186372746	0.9288577154308617	0.9659318637274549	0.8887775551102205	0.5561122244488977	0.8887775551102205	1.0080160320641283	0	0	0	0	0	0	0	0
202	546e4438c2c05ac53b819a9596c280fc	MALE	"35-49
"	0.297	0.329	0.332	0.48	0.527	0.533	0.502	0.358	0.537	0.512	0	0	0	0	0	0	0	0
203	677c3fa6f2bf633912df4f0b8ebf0eee	MALE	"25-34
"	0.612	0.81	0.844	1.228	1.37	1.307	1.258	0.818	1.341	1.293	0	0	0	0	0	0	0	0
204	7c33eec7eb8a8f25ce02dc6289c700c0	FEMALE	"35-49
"	0.42	0.42	0.42	1.0	1.06	1.12	0.96	0.76	1.1	1.02	0	0	0	0	0	0	0	0
205	9343a615899a7fbd94403d228463f26d	MALE	"35-49
"	0.6263020833333334	0.7552083333333334	0.7734375	0.9947916666666666	1.0703125	1.1510416666666667	1.078125	0.7434895833333334	1.125	1.1002604166666667	0	0	0	0	0	0	0	0
206	33de079e6e90ae26e67de06ac1db9bdb	MALE	"35-49
"	0.7808219178082192	0.908675799086758	0.9657534246575342	1.3812785388127853	1.4634703196347032	1.5342465753424657	1.4360730593607305	1.0182648401826484	1.5091324200913243	1.4794520547945205	0	0	0	0	0	0	0	0
207	296a65301cfe2b61269c0d2d11922433	FEMALE	"50-64
"	0.715605749486653	0.9476386036960985	0.9835728952772074	1.3942505133470227	1.486652977412731	1.4753593429158112	1.5184804928131417	0.9373716632443532	1.4691991786447638	1.5462012320328542	0	0	0	0	0	0	0	0
208	d1ec90379b8333663fec536e79fe29f2	MALE	"35-49
"	0.1972361809045226	0.21482412060301506	0.2185929648241206	0.4824120603015075	0.5037688442211056	0.5527638190954773	0.4183417085427136	0.34296482412060303	0.5464824120603015	0.4937185929648241	0	0	0	0	0	0	0	0
209	5f7456d58b542c50be788ae5f20326ba	MALE	"25-34
"	0.578	0.696	0.724	1.192	1.336	1.258	1.193	0.782	1.276	1.296	0	0	0	0	0	0	0	0
210	3441a01d2d0c4dfe72216b104a1eba95	MALE	"35-49
"	0.733	0.904	0.925	1.523	1.663	1.752	1.636	0.98	1.74	1.647	0	0	0	0	0	0	0	0
211	4877dddcc26b8768206f3adb2371193c	MALE	"25-34
"	0.739	0.885	0.92	1.516	1.712	1.713	1.654	0.961	1.734	1.681	0	0	0	0	0	0	0	0
212	cede0dea9347713bc0b3b0aaf4e42020	FEMALE	"35-49
"	0.5277777777777778	0.5277777777777778	0.5277777777777778	1.1111111111111112	1.1388888888888888	1.2222222222222223	1.0277777777777777	1.0	1.1944444444444444	1.1666666666666667	0	0	0	0	0	0	0	0
213	674e327673e224ce6f2c3bee658ac14a	FEMALE	"35-49
"	0.509	0.581	0.593	0.969	1.025	1.106	1.044	0.693	1.054	1.101	0	0	0	0	0	0	0	0
214	054982b5dbe32c7becd47ff10c6c55be	MALE	"35-49
"	1.0159744408945688	1.2539936102236422	1.2843450479233227	1.964856230031949	2.198083067092652	2.306709265175719	2.1725239616613417	1.3386581469648562	2.306709265175719	2.1629392971246006	0	0	0	0	0	0	0	0
215	98235f2c239b119c166a549b19b52abf	FEMALE	"25-34
"	0.41076487252124644	0.4490084985835694	0.48725212464589235	1.3371104815864023	1.5084985835694051	1.3456090651558075	1.0155807365439093	0.7762039660056658	1.4164305949008498	1.3909348441926346	0	0	0	0	0	0	0	0
216	c7a67d7a055820d3239f0e9d89ed8ef0	MALE	"18-24
"	0.688	0.872	0.887	1.77	1.476	1.458	1.408	0.956	1.534	1.453	0	0	0	0	0	0	0	0
217	815c739d16821a8df42594567ea83862	MALE	"35-49
"	0.30603448275862066	0.33620689655172414	0.34913793103448276	0.8857758620689655	0.8987068965517241	1.0603448275862069	0.8728448275862069	0.5711206896551724	1.043103448275862	0.8943965517241379	0	0	0	0	0	0	0	0
218	064486fb93ed6edc4f4f1e67e63f80ca	FEMALE	"35-49
"	0.11702127659574468	0.125531914893617	0.125531914893617	0.4787234042553192	0.49361702127659574	0.5255319148936171	0.3425531914893617	0.2553191489361702	0.4829787234042553	0.5276595744680851	0	0	0	0	0	0	0	0
219	1bf95c355c40496cf62e2edb570ae5de	FEMALE	"50-64
"	2.410958904109589	2.9178082191780823	3.1095890410958904	3.6027397260273974	3.808219178082192	3.73972602739726	3.8904109589041096	2.835616438356164	3.780821917808219	3.8767123287671232	0	0	0	0	0	0	0	0
220	c13338b72c5ef7d5dfd2dbedbd381e35	FEMALE	"50-64
"	1.1275510204081634	1.2959183673469388	1.316326530612245	1.5714285714285714	1.7040816326530612	1.7704081632653061	1.7704081632653061	1.3622448979591837	1.739795918367347	1.780612244897959	0	0	0	0	0	0	0	0
221	530b257442c7d1b85bb7aa4208321024	FEMALE	"65-xx
"	1.3061224489795917	1.469387755102041	1.4965986394557824	2.377551020408163	2.520408163265306	2.6122448979591835	2.4149659863945576	3.3197278911564627	2.574829931972789	2.6530612244897958	0	0	0	0	0	0	0	0
222	ba8a0a7575e75d6c14167005020403a6	MALE	"25-34
"	0.775	1.031	1.058	1.988	2.216	2.12	2.005	1.162	2.158	2.145	0	0	0	0	0	0	0	0
223	f42e7c6f26cf3e92767b18b9f38db0dc	FEMALE	"50-64
"	0.5504782146652497	0.6535600425079703	0.6811902231668437	1.0499468650371944	1.1434643995749203	1.1657810839532412	1.234856535600425	0.7832093517534537	1.1392136025504782	1.2178533475026567	0	0	0	0	0	0	0	0
224	363635bbdda24724ed7bfc474f53bb88	MALE	"35-49
"	1.3582089552238805	1.5714285714285714	1.5820895522388059	2.535181236673774	2.7121535181236673	2.833688699360341	2.7761194029850746	1.7036247334754797	2.8123667377398722	2.7526652452025586	0	0	0	0	0	0	0	0
225	52bf2acfb0403cd5557d7b77a4de93f8	MALE	"50-64
"	0.31555555555555553	0.3511111111111111	0.35777777777777775	0.47333333333333333	0.5177777777777778	0.5155555555555555	0.7933333333333333	0.38666666666666666	0.6555555555555556	0.5066666666666667	0	0	0	0	0	0	0	0
226	22c11b9f7e8e94f3d11bdcda976bbc63	FEMALE	"35-49
"	0.140625	0.16145833333333334	0.16145833333333334	0.6302083333333334	0.65625	0.6354166666666666	0.4791666666666667	0.375	0.6354166666666666	0.6302083333333334	0	0	0	0	0	0	0	0
227	7ad34b9e9a8753cf98af03f04d195a45	FEMALE	"25-34
"	3.125	3.578125	3.609375	4.5	4.953125	4.96875	4.90625	3.578125	4.984375	4.96875	0	0	0	0	0	0	0	0
228	45b43d19938acc00839f2725d467da22	MALE	"25-34
"	0.7103762827822121	0.8825541619156214	0.9019384264538198	1.587229190421893	1.7286202964652224	1.6168757126567845	1.5678449258836944	1.017103762827822	1.717217787913341	1.6271379703534778	0	0	0	0	0	0	0	0
229	bc8a55a8845ffd0706de85b6b0bb83b2	FEMALE	"25-34
"	0.737	0.925	0.958	1.618	1.762	1.715	1.656	1.019	1.706	1.785	0	0	0	0	0	0	0	0
230	05f97ea55282c4f81fce6fa5751a7ef4	FEMALE	"35-49
"	0.4852941176470588	0.5	0.5	0.8676470588235294	0.9852941176470589	1.1323529411764706	1.0441176470588236	0.7058823529411765	1.0294117647058822	1.1470588235294117	0	0	0	0	0	0	0	0
231	957dc24791e83a8f9facd669ebdfab40	FEMALE	"25-34
"	0.728	0.852	0.862	1.722	1.925	1.874	1.813	1.079	1.848	1.945	0	0	0	0	0	0	0	0
232	0394cf313b58ea16e3776dab47042e5f	MALE	"35-49
"	0.581	0.74	0.762	1.129	1.224	1.352	1.152	0.757	1.319	1.203	0	0	0	0	0	0	0	0
233	8a7257f3de4a861a5f4ff05211c23f2a	MALE	"35-49
"	0.693	0.918	0.972	1.449	1.54	1.551	1.496	0.954	1.552	1.562	0	0	0	0	0	0	0	0
234	e475c2e9671ef0fc3f2886df571e89ab	MALE	"25-34
"	0.694	0.896	0.915	1.346	1.562	1.492	1.426	0.865	1.546	1.442	0	0	0	0	0	0	0	0
235	c49d67f0ed88acd66484c5db337500a8	MALE	"25-34
"	0.583	0.757	0.791	1.096	1.194	1.141	1.102	0.74	1.157	1.164	0	0	0	0	0	0	0	0
236	515618c30574293240c3b346bdf04b5f	FEMALE	"35-49
"	1.7	1.8	1.8	3.2	3.433333333333333	3.6333333333333333	3.3666666666666667	2.5	3.566666666666667	3.466666666666667	0	0	0	0	0	0	0	0
237	40b8af7721fd105d0f5ecb5dad74a991	FEMALE	"35-49
"	0.78125	0.875	0.875	1.1875	1.09375	1.21875	1.0	0.96875	1.25	1.125	0	0	0	0	0	0	0	0
238	b4b03d72bcf52773ec6b7c0a91ccfe1e	FEMALE	"50-64
"	0.6397984886649875	0.8324937027707808	0.8765743073047859	1.0906801007556675	1.151133501259446	1.1574307304785894	1.2103274559193955	0.792191435768262	1.1536523929471032	1.2052896725440807	0	0	0	0	0	0	0	0
239	54db3923f033e1dd6a82222aa2604ab9	FEMALE	"25-34
"	0.767	1.036	1.084	1.635	1.797	1.753	1.694	1.009	1.726	1.82	0	0	0	0	0	0	0	0
240	1b5fce78bd79817764b781294eb57455	FEMALE	"25-34
"	0.728	0.956	1.003	1.507	1.698	1.625	1.581	1.01	1.606	1.72	0	0	0	0	0	0	0	0
241	215dc25e9f73daf636a93294e32b4f56	FEMALE	"25-34
"	0.837	1.111	1.15	1.966	2.225	2.15	2.07	1.207	2.134	2.245	0	0	0	0	0	0	0	0
242	6929db7b4f31f715eb511d844a011b38	FEMALE	"25-34
"	0.9550898203592815	1.2290419161676647	1.281437125748503	1.6931137724550898	1.8383233532934131	1.8188622754491017	1.7440119760479043	1.1661676646706587	1.7964071856287425	1.8532934131736527	0	0	0	0	0	0	0	0
243	696b5f0612f4c6249b28c0ea69bb5705	MALE	"25-34
"	0.9125	1.17375	1.1975	1.9425	2.11875	2.05875	1.975	1.26	2.10125	2.05625	0	0	0	0	0	0	0	0
244	a28f8dd03948a47b1144ad5df6ccc483	MALE	"35-49
"	0.7270531400966184	0.7995169082125604	0.8043478260869565	1.1618357487922706	1.2729468599033817	1.3792270531400965	1.251207729468599	0.9178743961352657	1.3478260869565217	1.2681159420289856	0	0	0	0	0	0	0	0
245	4373deaa5102d1669f5b6d9acc87c472	FEMALE	"25-34
"	1.2857142857142858	1.4523809523809523	1.4523809523809523	2.2142857142857144	2.261904761904762	2.2857142857142856	2.1666666666666665	1.6666666666666667	2.2857142857142856	2.2857142857142856	0	0	0	0	0	0	0	0
246	f18213b41bb7311717493a931dc32296	FEMALE	"35-49
"	1.0043290043290043	1.2958152958152958	1.3477633477633477	2.0995670995670994	2.2510822510822512	2.2683982683982684	2.184704184704185	1.417027417027417	2.227994227994228	2.3145743145743145	0	0	0	0	0	0	0	0
247	8a72e07a0c26977ba7677614c1b215d3	MALE	"25-34
"	1.0377668308702792	1.2380952380952381	1.284072249589491	1.896551724137931	2.1954022988505746	2.2036124794745486	2.141215106732348	1.3464696223316912	2.2118226600985222	2.12807881773399	0	0	0	0	0	0	0	0
248	15cf31e89178b2894ea38869d8c6c75e	FEMALE	"35-49
"	1.1323529411764706	1.2426470588235294	1.2647058823529411	1.8676470588235294	2.0073529411764706	2.073529411764706	1.875	1.4044117647058822	1.9852941176470589	2.0441176470588234	0	0	0	0	0	0	0	0
249	2791aad00710bd046c2358e36687f9e0	FEMALE	"35-49
"	0.5151515151515151	0.5606060606060606	0.5757575757575758	0.9696969696969697	1.121212121212121	1.3181818181818181	1.0303030303030303	0.7878787878787878	1.1515151515151516	1.2272727272727273	0	0	0	0	0	0	0	0
250	9f4fe89a809a7e3225be7537ef0eba9c	FEMALE	"25-34
"	0.647	0.829	0.867	1.46	1.631	1.52	1.458	0.967	1.54	1.63	0	0	0	0	0	0	0	0
251	6c712b47c8e9db4dd7f0f1725045f7bc	MALE	"50-64
"	1.3194748358862145	1.5645514223194747	1.6061269146608315	2.339168490153173	2.516411378555799	2.5667396061269145	2.597374179431072	1.649890590809628	2.573304157549234	2.560175054704595	0	0	0	0	0	0	0	0
252	e998c03854f361533564e69eddc11a79	FEMALE	"35-49
"	0.6200607902735562	0.795339412360689	0.8267477203647416	1.3130699088145896	1.4275582573454915	1.4690982776089159	1.3546099290780143	0.8480243161094225	1.3566362715298885	1.5258358662613982	0	0	0	0	0	0	0	0
253	fe4b7d846a74dd02625de0731600d83e	FEMALE	"18-24
"	0.6	0.6777777777777778	0.7	1.9444444444444444	1.3777777777777778	1.3	1.1777777777777778	0.9333333333333333	1.3111111111111111	1.4555555555555555	0	0	0	0	0	0	0	0
254	73d39b8188e8ce968192ca6e993a8f12	MALE	"35-49
"	1.3135011441647597	1.540045766590389	1.5560640732265447	2.583524027459954	2.789473684210526	2.869565217391304	2.65675057208238	1.7894736842105263	2.8535469107551488	2.780320366132723	0	0	0	0	0	0	0	0
255	1d47415a2fc388ac89b5ecda8a95554c	MALE	"25-34
"	0.6127450980392157	0.7034313725490197	0.7230392156862745	1.0784313725490196	1.2340686274509804	1.2095588235294117	1.1691176470588236	0.7647058823529411	1.2254901960784315	1.1875	0	0	0	0	0	0	0	0
256	6b529117cf7016c19396748c42a0f874	FEMALE	"35-49
"	0.36792452830188677	0.42452830188679247	0.4528301886792453	1.4622641509433962	1.4811320754716981	1.6226415094339623	1.0471698113207548	0.9056603773584906	1.4528301886792452	1.5849056603773586	0	0	0	0	0	0	0	0
257	534e590a218b8100bb45208cfbdf163b	FEMALE	"35-49
"	0.607	0.78	0.808	1.251	1.328	1.418	1.368	0.871	1.341	1.43	0	0	0	0	0	0	0	0
258	cef70b072cca39a520d5c01b88810872	MALE	"35-49
"	0.748	0.981	1.021	1.535	1.709	1.733	1.606	0.998	1.724	1.654	0	0	0	0	0	0	0	0
259	e058844aedc87d48d3e87776dee5b348	MALE	"25-34
"	0.585	0.711	0.73	1.064	1.225	1.19	1.139	0.706	1.226	1.138	0	0	0	0	0	0	0	0
260	5f60f27c9b62684dd18f4b3c58e6ce54	FEMALE	"35-49
"	0.74	0.897	0.921	1.542	1.664	1.786	1.707	1.034	1.719	1.784	0	0	0	0	0	0	0	0
261	7406e65cbf8858b9260f36676efdd590	MALE	"35-49
"	0.5	0.5536585365853659	0.651219512195122	0.9146341463414634	0.9682926829268292	1.053658536585366	0.9243902439024391	0.6682926829268293	1.0121951219512195	0.975609756097561	0	0	0	0	0	0	0	0
262	ba3a6aef89897131e4301c9f3c91a76c	FEMALE	"25-34
"	0.6750823271130626	0.7837541163556532	0.8100987925356751	1.442371020856202	1.6399560922063667	1.544456641053787	1.4610318331503842	0.9440175631174533	1.5192096597145994	1.668496158068057	0	0	0	0	0	0	0	0
263	a3e92f89da25918c2092124995357413	FEMALE	"35-49
"	2.9342105263157894	3.3157894736842106	3.3552631578947367	4.644736842105263	4.934210526315789	5.065789473684211	5.052631578947368	3.6315789473684212	5.026315789473684	5.105263157894737	0	0	0	0	0	0	0	0
264	f7f54bc11f4d10c7fec58a38f796c7d3	MALE	"25-34
"	0.768	0.961	0.985	1.964	2.172	2.087	1.989	1.215	2.128	2.087	0	0	0	0	0	0	0	0
265	74da671513474c0630cb254c3abc434f	MALE	"50-64
"	0.5679287305122495	0.6982182628062361	0.7115812917594655	1.0167037861915367	1.0824053452115814	1.1291759465478841	1.2060133630289531	0.7405345211581291	1.1525612472160356	1.1102449888641426	0	0	0	0	0	0	0	0
266	4024d8b2b57ca979fa44ed26161a09a9	FEMALE	"35-49
"	0.687	0.844	0.867	1.427	1.52	1.631	1.547	0.986	1.516	1.673	0	0	0	0	0	0	0	0
267	7eab4a711ed86375a854684f4330ea81	MALE	"50-64
"	2.1265822784810124	2.2974683544303796	2.2974683544303796	3.5316455696202533	3.759493670886076	3.778481012658228	3.8354430379746836	2.537974683544304	3.810126582278481	3.7341772151898733	0	0	0	0	0	0	0	0
268	9f5ffb7a6a0173156193d52d831eaacf	MALE	"35-49
"	0.487	0.539	0.549	0.873	0.932	0.971	0.936	0.636	0.954	0.94	0	0	0	0	0	0	0	0
269	7264d53720998dc6bab12307b0bcb3cb	MALE	"25-34
"	0.7642752562225475	0.9707174231332357	1.0190336749633968	1.4890190336749634	1.7086383601756954	1.5973645680819912	1.5592972181551976	1.1215226939970717	1.6617862371888725	1.6354319180087848	0	0	0	0	0	0	0	0
270	af2306c5c15c438adf1fc01cb3bc7504	FEMALE	"35-49
"	1.108695652173913	1.1956521739130435	1.2173913043478262	1.8478260869565217	1.934782608695652	2.0	1.9565217391304348	1.5869565217391304	1.9782608695652173	2.0	0	0	0	0	0	0	0	0
271	ae50c06b7772995439999108e8a94784	MALE	"50-64
"	0.925	1.075	1.1	1.518181818181818	1.6363636363636365	1.6636363636363636	1.8136363636363637	1.1522727272727273	1.6818181818181819	1.643181818181818	0	0	0	0	0	0	0	0
272	7cc67e70a6125646ca3fc1a96b70736c	MALE	"25-34
"	0.675	0.825	0.855	1.484	1.655	1.552	1.502	0.984	1.621	1.545	0	0	0	0	0	0	0	0
273	aa9be0abea3bbfe94d50f68bc1499bac	FEMALE	"50-64
"	0.451	0.536	0.551	0.855	0.925	0.928	0.99	0.622	0.921	0.984	0	0	0	0	0	0	0	0
274	845b3a9eb8536c14325e4c16db628e2f	MALE	"25-34
"	0.78	1.029	1.065	1.862	2.089	2.026	1.933	1.081	2.069	2.027	0	0	0	0	0	0	0	0
275	0a9e35fd6f123137d585a482f2484d8e	MALE	"25-34
"	0.585	0.757	0.769	1.271	1.41	1.303	1.267	0.811	1.378	1.28	0	0	0	0	0	0	0	0
276	d912c51b671d209edc6672fe203dd345	FEMALE	"50-64
"	0.6515151515151515	0.6666666666666666	0.6666666666666666	1.1515151515151516	1.2121212121212122	1.2424242424242424	1.3484848484848484	0.8636363636363636	1.2424242424242424	1.303030303030303	0	0	0	0	0	0	0	0
277	f3ca834609deae606515ff1f9a13e16c	MALE	"50-64
"	1.09375	1.3993055555555556	1.4427083333333333	2.0364583333333335	2.2256944444444446	2.2604166666666665	2.359375	1.4513888888888888	2.328125	2.2552083333333335	0	0	0	0	0	0	0	0
278	c6d5c510157faec583465dc2f2f7725d	MALE	"25-34
"	0.7286486486486486	0.9437837837837838	0.9697297297297297	1.5178378378378379	1.6756756756756757	1.614054054054054	1.557837837837838	1.0227027027027027	1.6421621621621623	1.6075675675675676	0	0	0	0	0	0	0	0
279	465c6477241edb9523d5110ed98f151c	FEMALE	"18-24
"	4.137931034482759	4.758620689655173	4.9655172413793105	5.896551724137931	5.724137931034483	5.827586206896552	5.724137931034483	4.482758620689655	5.724137931034483	5.793103448275862	0	0	0	0	0	0	0	0
280	9354e4ff65d876fbf0bc17ac650c7054	FEMALE	"50-64
"	0.7490909090909091	0.8563636363636363	0.8836363636363637	1.1727272727272726	1.2181818181818183	1.2563636363636363	1.3072727272727274	0.8472727272727273	1.2254545454545454	1.289090909090909	0	0	0	0	0	0	0	0
281	b7fcb87cfc30bd734d271b3c2a00a1ce	FEMALE	"35-49
"	2.762295081967213	2.959016393442623	3.0081967213114753	5.098360655737705	5.655737704918033	5.80327868852459	5.655737704918033	3.8278688524590163	5.614754098360656	5.852459016393443	0	0	0	0	0	0	0	0
282	c9a9d8468da2e505fdc64bb0c7d90616	FEMALE	"50-64
"	0.6978193146417445	0.8161993769470405	0.8411214953271028	1.2897196261682242	1.439252336448598	1.5031152647975077	1.5685358255451713	0.9236760124610592	1.5	1.4875389408099688	0	0	0	0	0	0	0	0
283	705be15bea0164053700e4383a7fdd21	MALE	"50-64
"	1.1476014760147601	1.3413284132841328	1.3653136531365313	2.3819188191881917	2.555350553505535	2.625461254612546	2.7011070110701105	1.636531365313653	2.643911439114391	2.584870848708487	0	0	0	0	0	0	0	0
284	e97aa16d588d4b38df68c7eea39609ea	FEMALE	"18-24
"	0.6586826347305389	0.8011976047904191	0.8455089820359282	1.9389221556886227	1.6982035928143713	1.6407185628742516	1.4922155688622754	1.0251497005988024	1.6778443113772454	1.7305389221556886	0	0	0	0	0	0	0	0
285	c4aa5802bf8371620331a83d9de85951	MALE	"50-64
"	0.7541666666666667	0.85	0.8625	1.325	1.4708333333333334	1.4458333333333333	1.6416666666666666	0.9791666666666666	1.5583333333333333	1.4208333333333334	0	0	0	0	0	0	0	0
286	255067d6d118268c76e64f7887ba3dd0	MALE	"25-34
"	0.49516908212560384	0.5772946859903382	0.5857487922705314	0.857487922705314	0.9432367149758454	0.9154589371980676	0.9057971014492754	0.6135265700483091	0.9384057971014492	0.9082125603864735	0	0	0	0	0	0	0	0
287	b10435d02eb67851643ed7acc67f54c0	MALE	"50-64
"	1.509090909090909	1.7333333333333334	1.7696969696969698	2.212121212121212	2.466666666666667	2.412121212121212	2.4909090909090907	1.8303030303030303	2.4909090909090907	2.3878787878787877	0	0	0	0	0	0	0	0
288	3c3a39da1dd56313156d3f6c1a37a66e	MALE	"25-34
"	0.2623814541622761	0.28240252897787144	0.3055848261327713	1.0463645943098	1.19072708113804	1.0305584826132772	0.7112750263435195	0.5374077976817703	1.1327713382507902	0.9494204425711275	0	0	0	0	0	0	0	0
289	e9e629c222e25a1146f72c75c230fb03	MALE	"25-34
"	0.31828703703703703	0.3587962962962963	0.3819444444444444	1.1400462962962963	1.3032407407407407	1.1446759259259258	0.8263888888888888	0.6377314814814815	1.2800925925925926	1.0636574074074074	0	0	0	0	0	0	0	0
290	e5e6a7021778224bf3668daa559ebf51	FEMALE	"50-64
"	0.6497933884297521	0.8264462809917356	0.8491735537190083	1.421487603305785	1.5433884297520661	1.5289256198347108	1.7975206611570247	0.9266528925619835	1.506198347107438	1.6807851239669422	0	0	0	0	0	0	0	0
291	6a37a45999b35bbdd1bcac74f1243be3	FEMALE	"35-49
"	0.738	0.976	1.013	1.461	1.548	1.613	1.549	0.959	1.549	1.625	0	0	0	0	0	0	0	0
292	d7949c389fdaad77bc556e651095ebce	FEMALE	"25-34
"	0.9809885931558935	1.2332065906210392	1.2724968314321927	2.182509505703422	2.434727503168568	2.41191381495564	2.3548795944233207	1.376425855513308	2.394169835234474	2.456273764258555	0	0	0	0	0	0	0	0
293	f2955b34a4a459d9c328661444f4d7a0	FEMALE	"25-34
"	0.652	0.88	0.927	1.325	1.435	1.37	1.316	0.869	1.371	1.445	0	0	0	0	0	0	0	0
294	b9b2af931646cc70cfe092af855a34d5	FEMALE	"25-34
"	0.716	0.924	0.95	1.65	1.829	1.744	1.68	1.02	1.744	1.826	0	0	0	0	0	0	0	0
295	381e57c515bd710858e0c452cd75b10f	MALE	"25-34
"	0.7867647058823529	0.9558823529411765	0.9705882352941176	1.213235294117647	1.2647058823529411	1.1838235294117647	1.161764705882353	0.9705882352941176	1.2279411764705883	1.2279411764705883	0	0	0	0	0	0	0	0
296	ff3b5da078fbccd7a0fae17c0f14192e	MALE	"65-xx
"	2.825	2.975	2.975	4.1	4.25	4.425	4.325	5.45	4.375	4.375	0	0	0	0	0	0	0	0
297	95de19ee54840e91536abf405e9b7114	FEMALE	"25-34
"	0.587	0.765	0.795	1.167	1.284	1.229	1.182	0.814	1.218	1.279	0	0	0	0	0	0	0	0
298	0f87a4b88aabdd50afb3f657d306bffe	MALE	"35-49
"	0.725	0.901	0.941	1.369	1.443	1.473	1.428	0.924	1.47	1.451	0	0	0	0	0	0	0	0
299	9120e3d36669937b08310ac9b2523550	FEMALE	"50-64
"	0.8266666666666667	1.04	1.0933333333333333	1.5826666666666667	1.6626666666666667	1.7106666666666666	1.792	1.112	1.68	1.7653333333333334	0	0	0	0	0	0	0	0
300	d87532d35960ba9d03bae61c74c2bd1d	MALE	"25-34
"	0.6881606765327696	0.9186046511627907	0.9513742071881607	1.27061310782241	1.4006342494714588	1.364693446088795	1.3255813953488371	0.8837209302325582	1.3890063424947146	1.3847780126849893	0	0	0	0	0	0	0	0
301	078242a7701728828d6d98cd42f3f48e	FEMALE	"35-49
"	3.6164383561643834	3.9863013698630136	4.0	5.8493150684931505	6.109589041095891	6.2465753424657535	6.095890410958904	4.36986301369863	6.109589041095891	6.287671232876712	0	0	0	0	0	0	0	0
302	6d5873bedcf09d9753c3c908ddf452af	MALE	"18-24
"	0.5741482965931863	0.7094188376753507	0.7304609218436874	1.5751503006012024	1.308617234468938	1.2845691382765532	1.24749498997996	0.8196392785571143	1.346693386773547	1.2895791583166332	0	0	0	0	0	0	0	0
303	5a462f6ae94aa6db98cc3998694cf051	MALE	"35-49
"	1.3	1.5666666666666667	1.6	1.8333333333333333	1.9666666666666666	1.9	1.8666666666666667	1.4333333333333333	1.9333333333333333	1.9333333333333333	0	0	0	0	0	0	0	0
304	d9386a23b5f1350819c95546acd3183b	FEMALE	"25-34
"	1.707142857142857	1.9678571428571427	2.007142857142857	3.0357142857142856	3.5821428571428573	3.585714285714286	3.4892857142857143	2.2142857142857144	3.5964285714285715	3.5464285714285713	0	0	0	0	0	0	0	0
305	f989ee76f94165c349bfebfe2f2e35f5	FEMALE	"25-34
"	0.5283687943262412	0.601063829787234	0.624113475177305	0.9787234042553191	1.0797872340425532	1.0053191489361701	0.9078014184397163	0.6968085106382979	0.99822695035461	1.0567375886524824	0	0	0	0	0	0	0	0
306	e3a56670ae34a61476c1ebb5fab5fbd2	MALE	"18-24
"	1.12	1.22	1.22	2.52	1.96	1.84	1.72	1.32	1.96	1.8	0	0	0	0	0	0	0	0
307	5ed6b96a534cbddc055adae2db5c29a2	MALE	"50-64
"	1.0731319554848966	1.3783783783783783	1.4435612082670906	2.1971383147853736	2.4101748807631163	2.451510333863275	2.564387917329094	1.4817170111287759	2.508744038155803	2.4324324324324325	0	0	0	0	0	0	0	0
308	419453e20c2a73147960a6602d014b46	FEMALE	"18-24
"	0.645	0.708	0.718	1.955	1.6	1.636	1.582	0.965	1.621	1.718	0	0	0	0	0	0	0	0
309	6be49c4e42b6df04b3dd76c14b6cdacc	MALE	"50-64
"	0.7001003009027081	0.839518555667001	0.8716148445336008	1.4343029087261785	1.538615847542628	1.5506519558676028	1.6228686058174524	0.9267803410230692	1.571715145436309	1.5546639919759278	0	0	0	0	0	0	0	0
310	bcc524d52274108ab6a17810bb2ea695	MALE	"35-49
"	0.8589595375722543	1.1745664739884394	1.215028901734104	1.8173410404624277	1.9710982658959537	2.0208092485549134	1.8890173410404625	1.1560693641618498	2.0184971098265896	1.9456647398843931	0	0	0	0	0	0	0	0
311	7760f37131a13c5c0e9c4b7aa7f6ba5b	MALE	"50-64
"	0.28703703703703703	0.3055555555555556	0.3148148148148148	0.7314814814814815	0.8240740740740741	0.8055555555555556	1.0	0.49074074074074076	0.9351851851851852	0.7962962962962963	0	0	0	0	0	0	0	0
312	98d2fadb624ce637f63d00e46aca5fc7	FEMALE	"25-34
"	0.21723300970873785	0.24514563106796117	0.2536407766990291	0.29975728155339804	0.32160194174757284	0.3106796116504854	0.29975728155339804	0.24029126213592233	0.308252427184466	0.32402912621359226	0	0	0	0	0	0	0	0
313	43d7f732e9da60bc1d8f13294c3a3f1c	FEMALE	"35-49
"	0.339	0.422	0.438	0.547	0.588	0.62	0.587	0.419	0.599	0.632	0	0	0	0	0	0	0	0
314	ddd2f9d10aab42acefcfb55ca5572bf7	MALE	"35-49
"	0.625	0.7232142857142857	0.7351190476190477	0.9017857142857143	0.9434523809523809	1.0029761904761905	0.9375	0.7023809523809523	0.9910714285714286	0.9434523809523809	0	0	0	0	0	0	0	0
315	7223f159cf51aa7dfebf0eabe85c79fe	MALE	"50-64
"	0.5187224669603524	0.5947136563876652	0.6079295154185022	0.947136563876652	1.024229074889868	1.024229074889868	1.1255506607929515	0.7169603524229075	1.0495594713656389	1.0209251101321586	0	0	0	0	0	0	0	0
316	7f752af96266ae83b25cdeaa89c215d5	FEMALE	"50-64
"	1.314769975786925	1.5205811138014529	1.576271186440678	2.4915254237288136	2.6707021791767556	2.7457627118644066	2.8401937046004844	1.8305084745762712	2.723970944309927	2.801452784503632	0	0	0	0	0	0	0	0
317	d5cf33e5fbfcb2571c1bf03cfbb04872	FEMALE	"18-24
"	0.9844357976653697	1.245136186770428	1.3372243839169908	2.203631647211414	2.1699092088197145	2.166018158236057	2.0959792477302206	1.3125810635538262	2.1426718547341115	2.2295719844357977	0	0	0	0	0	0	0	0
318	a0a70d414e0a11076419e96dfb3c84f4	MALE	"25-34
"	0.9429928741092637	1.2862232779097387	1.338479809976247	2.2695961995249405	2.516627078384798	2.383610451306413	2.2838479809976246	1.3515439429928742	2.4346793349168645	2.4204275534441804	0	0	0	0	0	0	0	0
319	810f2877bbc00c8a4f3ed47278b639d0	MALE	"50-64
"	1.1	1.2454545454545454	1.2545454545454546	1.6	1.709090909090909	1.7363636363636363	1.809090909090909	1.3363636363636364	1.7454545454545454	1.690909090909091	0	0	0	0	0	0	0	0
320	4e3cbdeeccfe7c5dd61d0b3b73444d69	MALE	"25-34
"	0.5812064965197216	0.6786542923433875	0.7041763341067285	1.1450116009280742	1.296983758700696	1.240139211136891	1.1890951276102089	0.777262180974478	1.2795823665893271	1.2529002320185614	0	0	0	0	0	0	0	0
321	01b8aa99619675cae4355aa8af09bd12	MALE	"25-34
"	0.0	0.0	0.0	0.0	0.0	0.0	0.0	0.0	0.0	0.0	0	0	0	0	0	0	0	0
322	49182c21ede1dd536d3c2f380685c6df	FEMALE	"25-34
"	0.7453798767967146	0.973305954825462	1.0308008213552362	1.688911704312115	1.8675564681724846	1.7772073921971252	1.7145790554414784	1.0698151950718686	1.7874743326488707	1.879876796714579	0	0	0	0	0	0	0	0
323	e2f4c96d4eb90498ded022b3041fdbce	FEMALE	"25-34
"	0.5600425079702445	0.6695005313496281	0.6865037194473964	1.2136025504782146	1.412327311370882	1.3060573857598299	1.2486716259298618	0.7874601487778958	1.2996811902231669	1.4133900106269925	0	0	0	0	0	0	0	0
324	f5abf96f244c876d17ecf69863cb0abb	FEMALE	"35-49
"	0.2857142857142857	0.30952380952380953	0.30952380952380953	0.42063492063492064	0.4444444444444444	0.49206349206349204	0.4523809523809524	0.3611111111111111	0.4642857142857143	0.5	0	0	0	0	0	0	0	0
325	3b05acf07f6f03715ab66eaf2a3b5d04	FEMALE	"35-49
"	1.5029239766081872	1.7426900584795322	1.8157894736842106	2.5497076023391814	2.7017543859649122	2.763157894736842	2.654970760233918	1.9005847953216375	2.6695906432748537	2.789473684210526	0	0	0	0	0	0	0	0
326	7770144c0f68bb53d65893ef9f05c343	MALE	"35-49
"	0.7264050901378579	0.9459172852598091	0.9798515376458112	1.295864262990456	1.3934252386002122	1.4358430540827147	1.3881230116648993	0.9406150583244963	1.4167550371155886	1.4178154825026512	0	0	0	0	0	0	0	0
327	0e91b48c555a06bb5c3517fad35fd745	FEMALE	"50-64
"	0.7413441955193483	0.9470468431771895	0.9694501018329938	1.5142566191446027	1.6140529531568228	1.645621181262729	1.7820773930753564	1.0122199592668024	1.6283095723014256	1.7382892057026476	0	0	0	0	0	0	0	0
328	29cdd0433aa9743c6f26ef88e45dd465	MALE	"25-34
"	2.4705882352941178	2.823529411764706	2.849673202614379	4.30718954248366	4.73202614379085	4.568627450980392	4.450980392156863	3.0326797385620914	4.6797385620915035	4.516339869281046	0	0	0	0	0	0	0	0
329	79a78fcce2bb2235c640192dbc842942	FEMALE	"25-34
"	1.1571428571428573	1.2428571428571429	1.2571428571428571	2.085714285714286	2.257142857142857	2.1142857142857143	2.057142857142857	1.6428571428571428	2.157142857142857	2.2	0	0	0	0	0	0	0	0
330	11f686a3a2db1c5974e73d07088b4045	FEMALE	"25-34
"	1.5524861878453038	1.7624309392265194	1.8121546961325967	2.4419889502762433	2.6298342541436464	2.596685082872928	2.5082872928176796	1.8121546961325967	2.585635359116022	2.5801104972375692	0	0	0	0	0	0	0	0
331	554b6684f8ff7bd40b89696d70226ec9	MALE	"35-49
"	0.45652173913043476	0.4673913043478261	0.4673913043478261	0.8043478260869565	0.8913043478260869	0.9891304347826086	0.8152173913043478	0.6304347826086957	0.9782608695652174	0.9021739130434783	0	0	0	0	0	0	0	0
332	6c2da2695dc7f933c425842d9a0b364e	FEMALE	"25-34
"	0.8738738738738738	1.1385135135135136	1.2556306306306306	2.0304054054054053	2.279279279279279	2.224099099099099	2.1126126126126126	1.3085585585585586	2.2218468468468466	2.3074324324324325	0	0	0	0	0	0	0	0
333	b4bb7a11967b660ecc4f4ef1cf6b6827	MALE	"50-64
"	0.7237237237237237	0.8538538538538538	0.8618618618618619	1.6486486486486487	1.7427427427427427	1.7657657657657657	1.951951951951952	1.08008008008008	1.8318318318318318	1.7627627627627627	0	0	0	0	0	0	0	0
334	48b8caa90e5481c56928e08fc100b8ad	FEMALE	"18-24
"	1.211243611584327	1.5127768313458263	1.555366269165247	2.7734241908006814	2.62350936967632	2.6320272572402046	2.5672913117546847	1.6524701873935264	2.6286201022146507	2.7274275979557068	0	0	0	0	0	0	0	0
335	ca75d60a9ff2c98b575535212f338b6a	MALE	"35-49
"	0.8730964467005076	1.185786802030457	1.2243654822335026	2.1593908629441625	2.3583756345177664	2.386802030456853	2.2375634517766496	1.2883248730964467	2.3614213197969542	2.3380710659898476	0	0	0	0	0	0	0	0
336	f9aaf0e979eda888db209a8f457ce7d7	FEMALE	"35-49
"	0.527027027027027	0.5912162162162162	0.6047297297297297	1.0236486486486487	1.0506756756756757	1.0777027027027026	0.972972972972973	0.7466216216216216	1.037162162162162	1.1013513513513513	0	0	0	0	0	0	0	0
337	459cac479aa5d1b353a8700668c284d2	FEMALE	"25-34
"	0.8727544910179641	1.1497005988023952	1.221556886227545	1.7035928143712575	1.8697604790419162	1.785928143712575	1.7455089820359282	1.1751497005988023	1.7694610778443114	1.8892215568862276	0	0	0	0	0	0	0	0
338	9286dd073b9ef429c97ba2426f626f3c	MALE	"35-49
"	1.36864406779661	1.6758474576271187	1.7139830508474576	2.8707627118644066	2.972457627118644	3.0084745762711864	2.902542372881356	1.8940677966101696	3.055084745762712	2.957627118644068	0	0	0	0	0	0	0	0
339	cb9088be965f6ef60167811b4911d083	MALE	"25-34
"	1.4854651162790697	1.75	1.802325581395349	2.5494186046511627	2.755813953488372	2.7325581395348837	2.6802325581395348	1.8517441860465116	2.7674418604651163	2.73546511627907	0	0	0	0	0	0	0	0
340	22eaab35cdaada21db43d2bbf100bfb5	FEMALE	"35-49
"	1.515625	1.640625	1.78125	2.34375	2.265625	2.53125	2.234375	1.75	2.421875	2.40625	0	0	0	0	0	0	0	0
341	0e705bd5681da1f5670ddfa14ef21aa8	FEMALE	"50-64
"	0.7450980392156863	0.9008073817762399	0.9504036908881199	1.4371395617070357	1.5040369088811996	1.5501730103806228	1.6170703575547867	0.9769319492502884	1.5236447520184544	1.5778546712802768	0	0	0	0	0	0	0	0
342	a85114b4570c74d002b9e86c64147146	FEMALE	"25-34
"	1.1842105263157894	1.3157894736842106	1.3157894736842106	1.5263157894736843	1.6842105263157894	1.605263157894737	1.5789473684210527	1.236842105263158	1.5789473684210527	1.6578947368421053	0	0	0	0	0	0	0	0
343	638475f75a7f842d4ce14e690012a5cf	FEMALE	"50-64
"	1.0897755610972568	1.2618453865336658	1.3241895261845387	1.9875311720698254	2.117206982543641	2.1296758104738154	2.2743142144638404	1.4987531172069826	2.1246882793017456	2.2369077306733165	0	0	0	0	0	0	0	0
344	3144ae112ee6cda80d9fa54c824f54db	MALE	"18-24
"	0.7756410256410257	0.9615384615384616	1.0021367521367521	2.480769230769231	1.9123931623931625	1.8557692307692308	1.8173076923076923	1.1356837606837606	1.9957264957264957	1.8632478632478633	0	0	0	0	0	0	0	0
345	8bdcb9d1c008715c740c147dd0d5431c	MALE	"50-64
"	0.39156626506024095	0.43373493975903615	0.43855421686746987	0.7590361445783133	0.8963855421686747	0.8951807228915662	1.2349397590361446	0.5325301204819277	1.0	0.8578313253012049	0	0	0	0	0	0	0	0
346	89e28784c0c0c2236124a934f54c4e04	MALE	"35-49
"	1.3181818181818181	1.5	1.5	1.9545454545454546	2.0454545454545454	2.1363636363636362	1.9545454545454546	1.5	2.0	2.0454545454545454	0	0	0	0	0	0	0	0
347	7884fd1f622ff26469115316e9daf9eb	MALE	"25-34
"	0.7665330661322646	1.0090180360721444	1.1072144288577155	1.7344689378757514	1.9569138276553106	1.8537074148296593	1.7885771543086173	1.097194388777555	1.8907815631262526	1.911823647294589	0	0	0	0	0	0	0	0
348	c302071b69a64d5107d2441036e48d9e	FEMALE	"50-64
"	0.36596736596736595	0.3951048951048951	0.3986013986013986	0.817016317016317	0.8951048951048951	0.8962703962703963	1.0396270396270397	0.5757575757575758	0.8717948717948718	1.006993006993007	0	0	0	0	0	0	0	0
349	2045de9e2f46e9dad1bd91c14aa85d0b	MALE	"35-49
"	0.657	0.818	0.841	1.286	1.349	1.451	1.347	0.864	1.427	1.371	0	0	0	0	0	0	0	0
350	a55163ccf6ce0bcd13c80ee7e5ceebcd	FEMALE	"25-34
"	2.323529411764706	2.7941176470588234	2.9	3.6941176470588237	3.958823529411765	3.8823529411764706	3.847058823529412	2.8	3.8941176470588235	4.017647058823529	0	0	0	0	0	0	0	0
351	b286c3c4fcba5c03aabaf82c11a6f7c7	MALE	"18-24
"	1.4779874213836477	1.7767295597484276	1.8018867924528301	2.8270440251572326	2.720125786163522	2.720125786163522	2.6792452830188678	1.8867924528301887	2.789308176100629	2.6855345911949686	0	0	0	0	0	0	0	0
352	36ed860abcea25a27515046356190a6d	FEMALE	"35-49
"	0.9079102715466352	1.1428571428571428	1.1759149940968123	1.946871310507674	2.1097992916174735	2.1357733175914992	2.023612750885478	1.218417945690673	2.0826446280991737	2.177095631641086	0	0	0	0	0	0	0	0
353	3436004077b339b79d9df8e7b057b7cf	MALE	"50-64
"	0.525	0.585	0.607	0.997	1.126	1.153	1.219	0.709	1.178	1.122	0	0	0	0	0	0	0	0
354	e15e1e0e5c33ec5e986f814f5839a1de	FEMALE	"35-49
"	1.009933774834437	1.1390728476821192	1.1655629139072847	1.8410596026490067	1.9437086092715232	2.0397350993377485	1.8112582781456954	1.390728476821192	1.9635761589403973	2.0264900662251657	0	0	0	0	0	0	0	0
355	d30d7f616657ab089bade1ca4f8c62e7	MALE	"25-34
"	1.3203883495145632	1.5	1.5194174757281553	2.0388349514563107	2.29126213592233	2.2281553398058254	2.1990291262135924	1.5339805825242718	2.2766990291262137	2.1844660194174756	0	0	0	0	0	0	0	0
356	0ef219e0b58829a60b2332516489e95e	MALE	"25-34
"	0.9339080459770115	1.0977011494252873	1.1120689655172413	1.485632183908046	1.6839080459770115	1.632183908045977	1.5862068965517242	1.0919540229885059	1.6666666666666667	1.6005747126436782	0	0	0	0	0	0	0	0
357	7ac5b529d83a03ad9dc192c32943fd0a	FEMALE	"25-34
"	1.4477611940298507	1.7686567164179106	1.787313432835821	2.4365671641791047	2.548507462686567	2.503731343283582	2.4029850746268657	1.6380597014925373	2.5261194029850746	2.537313432835821	0	0	0	0	0	0	0	0
358	ff135897af8e6cf845783f70df56a7ca	MALE	"35-49
"	0.752	0.992	1.021	1.801	1.941	1.966	1.834	1.113	1.985	1.905	0	0	0	0	0	0	0	0
359	d098f4dc43d5c4768056c2dc8e1b5328	MALE	"50-64
"	0.8083756345177665	1.0	1.0203045685279188	1.8946700507614214	2.0431472081218276	2.052030456852792	2.234771573604061	1.2093908629441625	2.1294416243654823	2.030456852791878	0	0	0	0	0	0	0	0
360	f4c9374590b0197811a990a727ce50f5	FEMALE	"25-34
"	0.8491965389369592	1.0630407911001236	1.0902348578491965	1.8257107540173054	2.030902348578492	1.9085290482076638	1.8640296662546354	1.2410383189122374	1.9147095179233622	2.0543881334981458	0	0	0	0	0	0	0	0
361	c8991753dc81f5ec9bf1b8a7137aa6a2	MALE	"35-49
"	1.2435897435897436	1.3076923076923077	1.3461538461538463	1.9743589743589745	2.1923076923076925	2.2564102564102564	2.1666666666666665	1.5769230769230769	2.269230769230769	2.2051282051282053	0	0	0	0	0	0	0	0
362	a882cbfa5477e22a082c5b0c0c288dfb	FEMALE	"18-24
"	0.14007782101167315	0.1517509727626459	0.1517509727626459	0.8054474708171206	0.42996108949416345	0.42023346303501946	0.32490272373540857	0.26848249027237353	0.44163424124513617	0.4785992217898833	0	0	0	0	0	0	0	0
363	90fa8913485a500e43dc5913aebdfaa6	MALE	"35-49
"	0.792	0.961	0.98	1.871	2.043	2.124	1.995	1.206	2.102	2.069	0	0	0	0	0	0	0	0
364	6300ad90bbcee31349ffa0a071ca2041	FEMALE	"25-34
"	0.0	0.0	0.0	0.0	0.0	0.0	0.0	0.0	0.0	0.0	0	0	0	0	0	0	0	0
365	7558c64da7ef50a8213d98943238535d	MALE	"35-49
"	0.7077464788732394	0.8215962441314554	0.8321596244131455	1.6654929577464788	1.744131455399061	1.800469483568075	1.6443661971830985	1.068075117370892	1.8110328638497653	1.7300469483568075	0	0	0	0	0	0	0	0
366	7d907696792f2ffebe9eb6fc7448ee4f	FEMALE	"25-34
"	0.6466876971608833	0.8002103049421662	0.8706624605678234	1.3890641430073607	1.5278654048370137	1.4679284963196635	1.4058885383806519	0.9064143007360673	1.4468980021030495	1.5594111461619349	0	0	0	0	0	0	0	0
367	43fd2e9d7b3c55435a849de5c5c43f1b	FEMALE	"35-49
"	0.5376344086021505	0.5806451612903226	0.5806451612903226	1.10752688172043	1.1451612903225807	1.1881720430107527	1.043010752688172	0.7849462365591398	1.1290322580645162	1.1989247311827957	0	0	0	0	0	0	0	0
368	1d607940be677919cd6f08e11c7bd36f	MALE	"25-34
"	1.7463235294117647	2.051470588235294	2.0919117647058822	2.9301470588235294	3.2426470588235294	3.297794117647059	3.202205882352941	2.261029411764706	3.2794117647058822	3.2316176470588234	0	0	0	0	0	0	0	0
369	88933cee52db6f5c0c0f04d05fcaf614	MALE	"50-64
"	0.5746102449888641	0.6926503340757239	0.7115812917594655	0.9387527839643652	0.9933184855233853	1.0111358574610245	1.046770601336303	0.678173719376392	1.0189309576837418	1.010022271714922	0	0	0	0	0	0	0	0
370	5ecd708037d82c153b3a591c20d38969	MALE	"25-34
"	1.206896551724138	1.2758620689655173	1.3103448275862069	2.0	2.293103448275862	2.2241379310344827	2.189655172413793	1.5172413793103448	2.2413793103448274	2.2413793103448274	0	0	0	0	0	0	0	0
371	bf4240deea2c8a777d129e48fcba470d	MALE	"50-64
"	1.3333333333333333	1.6144578313253013	1.6726907630522088	2.4216867469879517	2.6606425702811247	2.7208835341365463	2.8032128514056227	1.7329317269076305	2.751004016064257	2.7048192771084336	0	0	0	0	0	0	0	0
372	1cddde52f7a410427df4975fd837906f	FEMALE	"35-49
"	1.1097560975609757	1.2195121951219512	1.2317073170731707	2.0365853658536586	2.1463414634146343	2.2439024390243905	1.8414634146341464	1.451219512195122	2.158536585365854	2.1341463414634148	0	0	0	0	0	0	0	0
373	b88171637fa04a302e94b14402f2793a	MALE	"25-34
"	0.524	0.617	0.662	0.973	1.176	1.087	1.043	0.652	1.15	1.027	0	0	0	0	0	0	0	0
374	d4c7789534da23ef33ab27b410132492	MALE	"35-49
"	0.3	0.325	0.329	0.609	0.688	0.769	0.68	0.415	0.751	0.681	0	0	0	0	0	0	0	0
375	db557d7d8315adfe66fa285ee2d5876a	FEMALE	"35-49
"	0.28249744114636643	0.33265097236438074	0.34493346980552714	0.42067553735926305	0.436028659160696	0.4626407369498465	0.4390992835209826	0.32139201637666326	0.44319344933469806	0.46673490276356194	0	0	0	0	0	0	0	0
376	57a2725f48fd55100e4e8d72f995405c	MALE	"25-34
"	0.782	1.026	1.042	1.951	2.119	2.011	1.925	1.183	2.126	1.993	0	0	0	0	0	0	0	0
377	1e654a67e38ea72384781aa29ebda03e	MALE	"35-49
"	0.800807537012113	0.9434724091520862	0.9838492597577388	1.506056527590848	1.6783310901749664	1.7388963660834456	1.8398384925975775	1.0646029609690444	1.8088829071332435	1.6783310901749664	0	0	0	0	0	0	0	0
378	e827776a1e77b7bee940b485c5a4b5b7	MALE	"25-34
"	0.205	0.22	0.23	0.74	0.78	0.75	0.735	0.445	0.825	0.77	0	0	0	0	0	0	0	0
379	b9114397ca060ce9de73d8073b0c53c3	FEMALE	"35-49
"	0.7209302325581395	0.7558139534883721	0.7674418604651163	1.255813953488372	1.3837209302325582	1.5348837209302326	1.2674418604651163	0.9651162790697675	1.430232558139535	1.5348837209302326	0	0	0	0	0	0	0	0
380	db0211bc38ed3c093992dc5128173054	MALE	"35-49
"	1.0726495726495726	1.2606837606837606	1.2991452991452992	1.688034188034188	1.7478632478632479	1.8034188034188035	1.7136752136752136	1.3034188034188035	1.8034188034188035	1.735042735042735	0	0	0	0	0	0	0	0
381	8a8285c8744a9c7f759a69a047437bba	FEMALE	"50-64
"	0.696927374301676	0.8142458100558659	0.8379888268156425	1.208100558659218	1.3002793296089385	1.344972067039106	1.4301675977653632	0.8589385474860335	1.318435754189944	1.3826815642458101	0	0	0	0	0	0	0	0
382	e669e24fa419cfa4dc1eac97179183ff	FEMALE	"25-34
"	0.49404761904761907	0.5416666666666666	0.5595238095238095	1.2738095238095237	1.4285714285714286	1.3035714285714286	1.0833333333333333	0.8333333333333334	1.3214285714285714	1.3035714285714286	0	0	0	0	0	0	0	0
383	fde67e0b9c8072fcaa52c95f0964619f	FEMALE	"35-49
"	0.7707707707707707	0.9679679679679679	0.983983983983984	1.6996996996996998	1.8338338338338338	1.894894894894895	1.7657657657657657	1.077077077077077	1.8258258258258258	1.90990990990991	0	0	0	0	0	0	0	0
384	47fe62a96d93fd6ba25efb25fe7e7069	FEMALE	"25-34
"	0.6529588766298897	0.8615847542627884	0.9267803410230692	1.3490471414242728	1.485456369107322	1.4192577733199598	1.3640922768304915	0.880641925777332	1.390170511534604	1.5015045135406218	0	0	0	0	0	0	0	0
385	29498c0afa48a739013e2a3f8c1e2937	MALE	"35-49
"	0.6835205992509363	0.7284644194756554	0.7359550561797753	1.3782771535580525	1.4737827715355805	1.6161048689138577	1.5056179775280898	0.9775280898876404	1.550561797752809	1.5318352059925093	0	0	0	0	0	0	0	0
386	a242dd9bb6e0125a8442b762d902ffd4	MALE	"25-34
"	0.625	0.709	0.727	1.449	1.642	1.588	1.605	0.972	1.634	1.603	0	0	0	0	0	0	0	0
387	c14f5f6eb08d47b72bc8dae3187aad75	FEMALE	"35-49
"	0.7456140350877193	0.8421052631578947	0.8771929824561403	1.2719298245614035	1.3333333333333333	1.4298245614035088	1.2719298245614035	0.9473684210526315	1.3859649122807018	1.4035087719298245	0	0	0	0	0	0	0	0
388	3373639b1d50d755c03c02cd9b93b720	MALE	"35-49
"	0.8629834254143647	1.0696132596685084	1.1049723756906078	1.9248618784530387	2.0497237569060776	2.1337016574585634	2.041988950276243	1.2430939226519337	2.1259668508287293	2.0618784530386742	0	0	0	0	0	0	0	0
389	85682013120aee589c5a11b83233ae44	FEMALE	"18-24
"	0.9115281501340483	1.1997319034852547	1.239946380697051	1.9436997319034852	1.8780160857908847	1.8726541554959786	1.7882037533512065	1.175603217158177	1.8726541554959786	1.9128686327077749	0	0	0	0	0	0	0	0
390	066df9d2383e006d1bf69f0e27732988	MALE	"35-49
"	0.8159574468085107	0.9638297872340426	0.9882978723404255	1.875531914893617	2.0382978723404257	2.0797872340425534	1.976595744680851	1.127659574468085	2.098936170212766	2.019148936170213	0	0	0	0	0	0	0	0
391	53a6d1bb405f70090c273ae932b9d37b	MALE	"25-34
"	0.7411526794742164	0.9282103134479271	0.942366026289181	1.6825075834175935	1.8574317492416583	1.788675429726997	1.7148634984833164	1.0525783619817999	1.8220424671385238	1.812942366026289	0	0	0	0	0	0	0	0
392	e86428603dee9d01aa5f7abebb851ef7	FEMALE	"25-34
"	0.7037037037037037	0.9159159159159159	0.954954954954955	1.3773773773773774	1.5165165165165164	1.4594594594594594	1.4244244244244244	0.8978978978978979	1.4634634634634636	1.5155155155155156	0	0	0	0	0	0	0	0
393	242901098f6f77364668c3a2466a6d01	MALE	"25-34
"	0.722	0.9	0.919	1.591	1.757	1.69	1.637	1.005	1.727	1.702	0	0	0	0	0	0	0	0
394	aa36a339f30cc056a8137180cdf5d4ef	MALE	"35-49
"	1.5	1.6888888888888889	1.7444444444444445	2.066666666666667	2.2111111111111112	2.311111111111111	2.1777777777777776	1.7222222222222223	2.2444444444444445	2.2444444444444445	0	0	0	0	0	0	0	0
395	60f601460f83a4adac3ee69528bea01c	FEMALE	"35-49
"	1.462962962962963	1.6481481481481481	1.6666666666666667	2.1666666666666665	2.2037037037037037	2.314814814814815	2.259259259259259	1.8518518518518519	2.259259259259259	2.2777777777777777	0	0	0	0	0	0	0	0
396	0dc2a3cd1ce3422a2c49942e9f44b734	MALE	"25-34
"	2.276315789473684	2.539473684210526	2.5526315789473686	3.223684210526316	3.526315789473684	3.513157894736842	3.4342105263157894	2.4473684210526314	3.526315789473684	3.4210526315789473	0	0	0	0	0	0	0	0
397	3bb08fb1b8b3d0d35bd70e1753840d2c	MALE	"35-49
"	0.653	0.726	0.734	1.413	1.515	1.606	1.531	0.939	1.594	1.544	0	0	0	0	0	0	0	0
398	3be3cfa5d33e6eb8fe57736317fed8d3	FEMALE	"35-49
"	0.2962962962962963	0.33127572016460904	0.345679012345679	0.44238683127572015	0.46296296296296297	0.49588477366255146	0.4506172839506173	0.3477366255144033	0.47530864197530864	0.4835390946502058	0	0	0	0	0	0	0	0
399	9cd2cf92e17ea5ff443b5fdfc115f651	FEMALE	"35-49
"	0.8736979166666666	1.03125	1.0611979166666667	1.9348958333333333	2.1067708333333335	2.23828125	2.13671875	1.3294270833333333	2.15625	2.234375	0	0	0	0	0	0	0	0
400	96f5135be8b958006946821b351a1d80	FEMALE	"35-49
"	1.0509383378016086	1.2882037533512065	1.324396782841823	2.310991957104558	2.4906166219839143	2.5750670241286864	2.423592493297587	1.4718498659517427	2.5013404825737267	2.60455764075067	0	0	0	0	0	0	0	0
401	95290012090969ed4e58ab1a9ff6c342	FEMALE	"35-49
"	0.781	0.962	0.985	1.825	1.934	2.058	1.97	1.197	1.965	2.077	0	0	0	0	0	0	0	0
402	b45f9ab47566e706a81d45ef5adc981c	MALE	"25-34
"	2.8219178082191783	3.1232876712328768	3.136986301369863	4.602739726027397	4.917808219178082	4.7534246575342465	4.767123287671233	3.3424657534246576	4.917808219178082	4.835616438356165	0	0	0	0	0	0	0	0
403	20bf285bfb69897524b8c444a8ca197d	MALE	"25-34
"	0.96	1.1044444444444443	1.1511111111111112	1.64	1.8133333333333332	1.7444444444444445	1.7377777777777779	1.2377777777777779	1.7755555555555556	1.791111111111111	0	0	0	0	0	0	0	0
404	fd4b49dd6437c1f36958c0dd4abfa400	FEMALE	"25-34
"	0.7522522522522522	0.8355855855855856	0.8400900900900901	1.5337837837837838	1.740990990990991	1.6238738738738738	1.5765765765765767	1.1441441441441442	1.6531531531531531	1.722972972972973	0	0	0	0	0	0	0	0
405	2d7492af9cb4952640c2a7c7bdfd0510	FEMALE	"35-49
"	0.7480916030534351	0.8396946564885496	0.8568702290076335	1.4904580152671756	1.5858778625954197	1.683206106870229	1.6526717557251909	1.083969465648855	1.6412213740458015	1.6698473282442747	0	0	0	0	0	0	0	0
406	c7ad6c96208a6ecf83542130321074ad	MALE	"35-49
"	0.11313868613138686	0.12408759124087591	0.12408759124087591	0.1897810218978102	0.19708029197080293	0.20072992700729927	0.17153284671532848	0.13503649635036497	0.20437956204379562	0.1897810218978102	0	0	0	0	0	0	0	0
407	f677a164b16096fc2eb3af86694da8ac	MALE	"25-34
"	0.9510086455331412	1.1051873198847262	1.122478386167147	2.0677233429394812	2.288184438040346	2.250720461095101	2.2752161383285303	1.361671469740634	2.3314121037463975	2.2305475504322767	0	0	0	0	0	0	0	0
408	04f61066fd67af6ab686e6b1d7501b72	MALE	"35-49
"	0.675	0.774	0.795	1.467	1.635	1.736	1.65	0.973	1.738	1.635	0	0	0	0	0	0	0	0
409	fcd1dd36faf537bc4bbe81f2071f8a0b	MALE	"25-34
"	0.60431654676259	0.7326139088729017	0.7589928057553957	0.9844124700239808	1.080335731414868	1.040767386091127	1.0311750599520384	0.7026378896882494	1.0719424460431655	1.0287769784172662	0	0	0	0	0	0	0	0
410	9fccd14981cc04ff92a399dbfee1a0b7	FEMALE	"35-49
"	1.1444241316270567	1.4351005484460695	1.4606946983546618	2.257769652650823	2.363802559414991	2.4405850091407677	2.2979890310786106	1.5484460694698354	2.387568555758684	2.4515539305301646	0	0	0	0	0	0	0	0
411	6e602536dfb72bb2c881fd25e6a92f46	MALE	"25-34
"	1.2181818181818183	1.3363636363636364	1.3454545454545455	1.5909090909090908	1.6727272727272726	1.6727272727272726	1.6545454545454545	1.2727272727272727	1.6818181818181819	1.6545454545454545	0	0	0	0	0	0	0	0
412	76b6283d82da63a42ae8a42e7da628ec	FEMALE	"35-49
"	0.8185328185328186	1.0836550836550836	1.138996138996139	1.4298584298584298	1.5238095238095237	1.5662805662805663	1.5212355212355213	1.0064350064350065	1.5212355212355213	1.5727155727155726	0	0	0	0	0	0	0	0
413	e2e77ba41052044b90d7021d9bff9061	FEMALE	"35-49
"	0.0	0.0	0.0	0.0	0.0	0.0	0.0	0.0	0.0	0.0	0	0	0	0	0	0	0	0
414	93ba37e2c4ecdf213ac11c17ad8f6659	MALE	"35-49
"	0.6597222222222222	0.7256944444444444	0.7673611111111112	1.1840277777777777	1.2986111111111112	1.3993055555555556	1.2013888888888888	0.9166666666666666	1.3541666666666667	1.2638888888888888	0	0	0	0	0	0	0	0
415	1ded9ce40c1121d88ce1e1d3c5386d44	FEMALE	"25-34
"	0.7475247524752475	0.8168316831683168	0.8168316831683168	1.504950495049505	1.6237623762376239	1.5594059405940595	1.381188118811881	1.103960396039604	1.5247524752475248	1.618811881188119	0	0	0	0	0	0	0	0
416	d838b5d5c3cd62b2ad503b53cbc1f90f	FEMALE	"50-64
"	0.5555555555555556	0.6111111111111112	0.6111111111111112	0.9259259259259259	0.9259259259259259	0.9074074074074074	0.9629629629629629	0.7592592592592593	0.9074074074074074	0.9444444444444444	0	0	0	0	0	0	0	0
417	52dc60bfa48c6f31d8ccf8124abe5339	FEMALE	"50-64
"	0.601	0.751	0.788	1.097	1.157	1.18	1.262	0.79	1.179	1.223	0	0	0	0	0	0	0	0
418	eca9ffb3d1a2e0ccea0e5f4a28d80e32	MALE	"25-34
"	0.636	0.824	0.839	1.221	1.426	1.275	1.26	0.835	1.343	1.292	0	0	0	0	0	0	0	0
419	1fb12bfda490189c83e727a788c065ce	FEMALE	"35-49
"	2.75968992248062	3.124031007751938	3.1782945736434107	4.441860465116279	4.790697674418604	4.976744186046512	4.744186046511628	3.4108527131782944	4.852713178294573	4.984496124031008	0	0	0	0	0	0	0	0
420	9c66f13c8038d9cec5fd2a754d959c2f	FEMALE	"50-64
"	0.8926056338028169	1.0616197183098592	1.0862676056338028	1.5035211267605635	1.5880281690140845	1.619718309859155	1.727112676056338	1.125	1.6179577464788732	1.6778169014084507	0	0	0	0	0	0	0	0
421	751221978067db4e4cecef07c1763f2c	FEMALE	"35-49
"	0.705	0.887	0.951	1.533	1.64	1.694	1.596	1.016	1.634	1.742	0	0	0	0	0	0	0	0
422	780a57a7ecdb4ecbdcaf20e0435de9ff	FEMALE	"35-49
"	0.727	1.015	1.082	1.54	1.621	1.667	1.542	1.018	1.608	1.689	0	0	0	0	0	0	0	0
423	25870981b463d9b45361330190d60f53	MALE	"25-34
"	0.2961783439490446	0.3343949044585987	0.3343949044585987	0.7484076433121019	0.8375796178343949	0.7802547770700637	0.6942675159235668	0.535031847133758	0.8248407643312102	0.7611464968152867	0	0	0	0	0	0	0	0
424	80d92cf1ea27e001428c05bed7de7aae	MALE	"50-64
"	0.393	0.428	0.431	0.856	0.904	0.91	1.031	0.611	0.961	0.912	0	0	0	0	0	0	0	0
425	5f29914eb034d37c58a4c06e8eae0bc9	FEMALE	"50-64
"	0.7567567567567568	0.8288288288288288	0.8288288288288288	1.7477477477477477	1.90990990990991	1.9189189189189189	1.8288288288288288	1.3243243243243243	1.90990990990991	1.8918918918918919	0	0	0	0	0	0	0	0
426	b0d2501202d406fd07ab84db6f751543	MALE	"50-64
"	0.6976241900647948	0.8520518358531317	0.8671706263498921	1.2775377969762418	1.3909287257019438	1.400647948164147	1.541036717062635	0.8801295896328294	1.4460043196544277	1.376889848812095	0	0	0	0	0	0	0	0
427	862463c413570ea28c694a9fa06a6599	MALE	"25-34
"	0.1875	0.2159090909090909	0.2159090909090909	0.4318181818181818	0.5284090909090909	0.45454545454545453	0.4375	0.3068181818181818	0.4943181818181818	0.4431818181818182	0	0	0	0	0	0	0	0
428	ba60ddef7a784f9d15793b264e107098	FEMALE	"35-49
"	0.6400437636761488	0.7527352297592997	0.7724288840262582	1.1509846827133479	1.223194748358862	1.324945295404814	1.2527352297592997	0.8610503282275711	1.2614879649890591	1.3271334792122538	0	0	0	0	0	0	0	0
429	c7f27de09c6515fd61f8c97cf79ac03a	FEMALE	"25-34
"	0.7577577577577578	1.026026026026026	1.0660660660660661	1.6406406406406406	1.7797797797797799	1.7217217217217218	1.6556556556556556	1.017017017017017	1.7087087087087087	1.8028028028028027	0	0	0	0	0	0	0	0
430	5818f51ee3e32cd9a47c2d21c5170dac	MALE	"35-49
"	0.6188524590163934	0.6598360655737705	0.6721311475409836	1.3770491803278688	1.5122950819672132	1.7336065573770492	1.348360655737705	1.0245901639344261	1.651639344262295	1.528688524590164	0	0	0	0	0	0	0	0
431	e8bf104a939e52e12f33bbdd95625343	FEMALE	"25-34
"	2.823529411764706	3.2745098039215685	3.2941176470588234	4.588235294117647	4.882352941176471	4.705882352941177	4.647058823529412	3.196078431372549	4.686274509803922	4.882352941176471	0	0	0	0	0	0	0	0
432	146bcb261292b6ae2c3416fdc3ed5c81	MALE	"18-24
"	1.2857142857142858	1.5	1.5357142857142858	3.0357142857142856	2.2142857142857144	2.3214285714285716	2.1785714285714284	1.7321428571428572	2.392857142857143	2.267857142857143	0	0	0	0	0	0	0	0
433	1cde167d4ef11594215f873acdbe6f50	FEMALE	"50-64
"	2.9176470588235293	3.1294117647058823	3.164705882352941	4.576470588235294	4.776470588235294	4.788235294117647	4.976470588235294	3.6823529411764704	4.764705882352941	4.9411764705882355	0	0	0	0	0	0	0	0
434	f18d7e12e5b5ea1ef326a3cb7ac93af0	MALE	"35-49
"	0.5232018561484919	0.6438515081206496	0.6508120649651972	0.8480278422273781	0.9060324825986079	0.9640371229698376	0.8909512761020881	0.6438515081206496	0.9524361948955916	0.9269141531322506	0	0	0	0	0	0	0	0
435	a6d5c1dc7657c9fd0bfb87bdc0376355	FEMALE	"25-34
"	0.45714285714285713	0.5	0.5	0.9142857142857143	1.0285714285714285	0.9428571428571428	0.8857142857142857	0.7285714285714285	0.9571428571428572	1.0142857142857142	0	0	0	0	0	0	0	0
