	Unnamed: 0	Unnamed: 0.1	user	sex	age	user_1grams	user_2grams	user_3grams	avr_mentions	avr_punctuation	avr_text_size	avr_starts_with_capital	avr_ends_with_punctuation	avr_capitals	avr_words_count	vocabulary_richness
0	0	0	4905cc7a1396110c1a635c4e7b023de2	FEMALE	"50-64
"	0.42592592592592593	0.48148148148148145	0.5462962962962963	0.6851851851851852	2.1481481481481484	74.66666666666667	0.7962962962962963	0.24074074074074073	0	0.06481481481481481	0.0
1	1	1	6733b2957179358024cc5c493f28924a	MALE	"50-64
"	1.3	1.4727272727272727	1.5	1.2	2.5636363636363635	88.63636363636364	0.23636363636363636	0.7636363636363637	0	0.17272727272727273	0.0
2	2	2	9aa58b658935d017e0827d1b42e75596	MALE	"18-24
"	0.753259779338014	1.0030090270812437	1.0341023069207622	0.4944834503510532	3.477432296890672	103.52858575727181	0.6760280842527583	0.563691073219659	0	0.01905717151454363	35.26912181303116
3	3	3	454904ba35745fd0499f229c4b3e851c	FEMALE	"35-49
"	0.6156156156156156	0.8248248248248248	0.8698698698698699	1.2072072072072073	4.055055055055055	135.67167167167167	0.8538538538538538	0.6536536536536537	0	0.01701701701701702	24.653739612188367
4	4	4	4dc094fb37152396199cb951207bb75d	MALE	"35-49
"	0.6957104557640751	0.8136729222520107	0.8203753351206434	0.30294906166219837	1.938337801608579	82.53619302949062	0.1903485254691689	0.3190348525469169	0	0.006702412868632708	0.0
5	5	5	2213767ab6ecc93aa98e0d49cfab5baa	FEMALE	"35-49
"	0.445	0.503	0.513	0.658	1.28	147.747	0.796	0.1	0	0.016	36.47912885662432
6	6	6	e390535dd8f6e7b8f56c1f45aa365760	MALE	"35-49
"	0.708	0.865	0.887	0.706	3.434	120.564	0.598	0.602	0	0.021	18.9727463312369
7	7	7	c297b3ecf103e67237c8a42659a178e3	FEMALE	"25-34
"	0.0	0.0	0.0	0.0	0.0	0.0	0.0	0.0	0	0.0	0.0
8	8	8	491750704cf57fa285716407272c5a56	MALE	"25-34
"	0.529	0.617	0.627	0.743	2.815	108.553	0.412	0.455	0	0.01	33.1769722814499
9	9	9	1110e5330c38f208b2887f55f7296235	FEMALE	"50-64
"	0.8518518518518519	0.9555555555555556	1.0148148148148148	0.11851851851851852	2.3555555555555556	109.4962962962963	0.7555555555555555	0.674074074074074	0	0.07407407407407407	63.018242122719734
10	10	10	3832ba1572727deb24c4969ac0b2587d	FEMALE	"25-34
"	0.8873720136518771	1.1353811149032993	1.1683731513083049	1.3879408418657566	4.771331058020478	140.54835039817974	0.5517633674630261	0.5483503981797497	0	0.022753128555176336	60.47926968429061
11	11	11	00db29c2dc1d87c8f07b72d753f7f2c0	MALE	"35-49
"	0.741	0.993	1.037	0.805	4.52	95.421	0.559	0.637	0	0.019	50.171821305841924
12	12	12	25535d379c3ab7f473305ceace304e8c	MALE	"35-49
"	1.290448343079922	1.5692007797270955	1.6198830409356726	0.8440545808966862	3.134502923976608	111.02923976608187	0.7543859649122807	0.6179337231968811	0	0.025341130604288498	63.7211855104281
13	13	13	11bc4f9bbb9a6a7f1e990281c7e4b29d	MALE	"25-34
"	0.583	0.757	0.79	0.799	3.348	84.083	0.57	0.547	0	0.009	21.50900900900901
14	14	14	0dc5cd49689cd42b3b9e0786b59165bc	FEMALE	"35-49
"	0.752	0.906	0.936	0.032	2.844	137.223	0.978	0.988	0	0.021	45.141065830721004
15	15	15	41c74bff447d5397d817074168496fa9	FEMALE	"50-64
"	0.8105590062111802	0.9037267080745341	0.9316770186335404	0.5652173913043478	2.459627329192547	98.07453416149069	0.7391304347826086	0.45962732919254656	0	0.059006211180124224	0.0
16	16	16	21a3849c161a739c6c7b557ca39ea04e	FEMALE	"65-xx
"	1.946969696969697	2.242424242424242	2.303030303030303	0.4772727272727273	2.484848484848485	125.59848484848484	0.8712121212121212	0.5	0	0.06818181818181818	75.23277467411546
17	17	17	81fd1684d9e48e7dfb3f389e4f0781db	FEMALE	"25-34
"	0.5295295295295295	0.7367367367367368	0.7797797797797797	0.24024024024024024	2.6336336336336337	85.32932932932933	0.8318318318318318	0.42342342342342343	0	0.02002002002002002	47.390396659707726
18	18	18	a837091210532f5e37916bba89654b2d	MALE	"50-64
"	0.667	0.758	0.773	0.027	1.801	110.552	0.947	0.023	0	0.015	57.340473003123606
19	19	19	07d5234843a6d62ae0db4dbcca854c43	FEMALE	"35-49
"	0.7071583514099783	0.920824295010846	0.9425162689804772	0.571583514099783	3.6052060737527114	109.67787418655098	0.6084598698481561	0.5911062906724512	0	0.01843817787418655	52.472089314194584
20	20	20	36b2593435e1bed13eb138c1973c13ed	MALE	"50-64
"	0.849438202247191	1.1775280898876404	1.2314606741573033	0.8314606741573034	3.646067415730337	121.88988764044944	0.6943820224719102	0.6584269662921348	0	0.020224719101123594	54.728074473297404
21	21	21	084693fa3e344e2b5adde98331f2f549	FEMALE	"50-64
"	1.0546075085324231	1.325938566552901	1.3737201365187712	0.9761092150170648	2.8071672354948807	93.52901023890784	0.6109215017064846	0.45563139931740615	0	0.023890784982935155	58.29694323144105
22	22	22	44831f81bb84afa6999392849b85b4f4	FEMALE	"35-49
"	2.3142857142857145	2.5619047619047617	2.619047619047619	0.5904761904761905	1.6666666666666667	143.04761904761904	0.6190476190476191	0.19047619047619047	0	0.11428571428571428	75.0
23	23	23	60959f926480ec1e4a3c8c41071779a1	FEMALE	"50-64
"	1.425	1.5375	1.5375	1.775	2.95	104.175	0.525	0.275	0	0.1375	0.0
24	24	24	8d3d3a9d09bea220b5a99945f57c2910	FEMALE	"25-34
"	0.699	0.968	1.007	0.717	3.202	89.203	0.423	0.508	0	0.013	50.534499514091344
25	25	25	9f66d67322dbc62a5b6ff42867bc3fe1	MALE	"35-49
"	1.2073394495412844	1.3963302752293578	1.4256880733944954	0.45688073394495415	2.020183486238532	133.15229357798165	0.43119266055045874	0.3779816513761468	0	0.029357798165137616	66.0086663456909
26	26	26	52d582497ed56183efaf715e3988b628	FEMALE	"35-49
"	1.0576923076923077	1.1730769230769231	1.1923076923076923	0.9230769230769231	2.6923076923076925	109.07692307692308	0.7692307692307693	0.5384615384615384	0	0.3269230769230769	0.0
27	27	27	3de105c51ab70cbf61df2b36fb5a0fd4	FEMALE	"35-49
"	0.6714116251482799	0.8196915776986952	0.8410438908659549	0.18030842230130487	2.1743772241992882	101.27283511269276	0.8113879003558719	0.6690391459074733	0	0.021352313167259787	47.46646795827124
28	28	28	9329caf2caea60408f9991da66026e3d	MALE	"35-49
"	0.6515151515151515	0.7424242424242424	0.7462121212121212	0.875	2.8636363636363638	109.51515151515152	0.3181818181818182	0.5265151515151515	0	0.03787878787878788	0.0
29	29	29	44be30b800f13facaed7cda823976bf1	FEMALE	"25-34
"	0.3859470468431772	0.46435845213849286	0.49185336048879835	0.23421588594704684	1.824847250509165	65.63136456211812	0.3869653767820774	0.6435845213849287	0	0.009164969450101833	0.0
30	30	30	cefc4df9c5692bdf3d27d2195211c637	FEMALE	"50-64
"	0.8802325581395349	1.0558139534883721	1.0709302325581396	0.872093023255814	2.6965116279069767	85.89883720930233	0.48953488372093024	0.5883720930232558	0	0.0069767441860465115	61.09061090610906
31	31	31	130f9ea58dcdaec12e6faf6d51aef8e9	FEMALE	"35-49
"	1.6176470588235294	1.7352941176470589	1.7647058823529411	1.6764705882352942	2.1176470588235294	121.97058823529412	0.7058823529411765	0.14705882352941177	0	0.19117647058823528	0.0
32	32	32	a8f097700706d240901444bd6bb1813f	MALE	"35-49
"	0.5960346964064436	0.6902106567534076	0.7509293680297398	0.5675340768277571	3.3110285006195785	82.24287484510533	0.5625774473358116	0.7372986369268897	0	0.008674101610904586	71.58828064764842
33	33	33	623a80d7f12ba40bcfa0f02bda2623ba	MALE	"50-64
"	1.348314606741573	1.4157303370786516	1.4157303370786516	0.8764044943820225	2.0898876404494384	118.42696629213484	0.7752808988764045	0.47191011235955055	0	0.06179775280898876	0.0
34	34	34	115e7b931be3d52d35cb8ce2da09a1d7	MALE	"18-24
"	0.85	1.07125	1.095	0.63	2.3875	69.7925	0.51125	0.4475	0	0.0225	61.64459161147903
35	35	35	f97b2cf731bc770023edc37b30c95edd	FEMALE	"35-49
"	1.132	1.248	1.292	2.12	2.576	121.112	0.112	0.184	0	0.048	0.0
36	36	36	5ebce49735b6f475f3825250bb0fb3cd	MALE	"25-34
"	0.6422155688622755	0.7050898203592815	0.7125748502994012	0.3383233532934132	1.7425149700598803	88.42215568862275	0.7485029940119761	0.46706586826347307	0	0.005988023952095809	0.0
37	37	37	7cfe79b18ed7822cea15381e189cac9a	MALE	"25-34
"	0.771948608137045	1.0	1.0428265524625269	0.6349036402569593	2.7034261241970023	76.15524625267666	0.6092077087794433	0.6477516059957173	0	0.021413276231263382	60.24680475980608
38	38	38	6f234b4a1744e80f260f5684433f8598	MALE	"50-64
"	1.6	1.75	1.76	0.82	1.96	132.2	0.78	0.42	0	0.02	0.0
39	39	39	9a2f7bc0677bca12725e25d12dae66d9	FEMALE	"35-49
"	0.768595041322314	0.9752066115702479	1.0113636363636365	0.3925619834710744	4.768595041322314	106.37603305785125	0.15805785123966942	0.47417355371900827	0	0.022727272727272728	60.79920739762219
40	40	40	b040812b4f65cc449ec54699ac764181	MALE	"35-49
"	0.6725543478260869	0.8192934782608695	0.8464673913043478	0.6793478260869565	3.2092391304347827	132.47826086956522	0.75	0.4782608695652174	0	0.020380434782608696	0.0
41	41	41	a1b53e143dcf8699338077548906cb4b	FEMALE	"25-34
"	1.1596638655462186	1.365546218487395	1.3949579831932772	0.8907563025210085	3.226890756302521	111.52100840336135	0.5294117647058824	0.5294117647058824	0	0.07142857142857142	0.0
42	42	42	349e5b801890b1b707635e4970958102	FEMALE	"50-64
"	0.836027713625866	1.0496535796766744	1.0935334872979214	0.9260969976905312	2.4018475750577366	125.17551963048498	0.6789838337182448	0.41916859122401845	0	0.009237875288683603	56.91512279190004
43	43	43	1575e7e1e9b9783b6376c7320dd7658d	MALE	"35-49
"	0.7937937937937938	0.990990990990991	1.011011011011011	0.6926926926926927	3.5595595595595597	112.7977977977978	0.7067067067067067	0.5725725725725725	0	0.012012012012012012	44.347164065473926
44	44	44	47b9e169b20239e563053af72876a791	MALE	"50-64
"	0.616	0.759	0.77	0.033	1.917	91.021	0.848	0.697	0	0.025	49.21491658488714
45	45	45	83ff5fb44444da7a570577d8cca44cb9	MALE	"18-24
"	0.813	1.061	1.092	0.594	3.933	109.194	0.534	0.713	0	0.019	52.230306864916166
46	46	46	717be9f4b9f1232c9302e3e3eff2239c	MALE	"35-49
"	0.5774058577405857	0.6847977684797768	0.7210599721059973	0.4351464435146444	1.404463040446304	103.75174337517434	0.5467224546722455	0.21338912133891214	0	0.008368200836820083	29.396551724137932
47	47	47	24620ebc09712f80a6ab85b877693691	FEMALE	"18-24
"	0.8279702970297029	1.0977722772277227	1.1485148514851484	0.5061881188118812	3.047029702970297	85.10148514851485	0.775990099009901	0.7252475247524752	0	0.02103960396039604	59.41088367448827
48	48	48	1490b985d1bd935ac5973e648c207955	FEMALE	"35-49
"	0.732	0.905	0.925	0.455	2.736	111.896	0.617	0.637	0	0.018	48.535376295628666
49	49	49	9cd9ebf839bf6c5989644b464423cf89	FEMALE	"25-34
"	0.6597938144329897	0.7268041237113402	0.7371134020618557	0.5670103092783505	1.824742268041237	101.98969072164948	0.5154639175257731	0.5567010309278351	0	0.061855670103092786	0.0
50	50	50	19c58d966c96158d1f04032878cba482	FEMALE	"35-49
"	2.5972222222222223	2.9722222222222223	3.0694444444444446	0.75	2.638888888888889	119.33333333333333	0.7083333333333334	0.5277777777777778	0	0.25	71.04477611940298
51	51	51	7a9c09bc841cddf568c10203a19bbee8	FEMALE	"35-49
"	0.5482456140350878	0.6096491228070176	0.6162280701754386	1.0921052631578947	3.4078947368421053	107.4342105263158	0.543859649122807	0.32894736842105265	0	0.02850877192982456	0.0
52	52	52	a72ba4d0b435894d77745d8f3a779337	MALE	"35-49
"	0.692	0.844	0.863	0.183	3.413	100.164	0.147	0.078	0	0.02	53.45285524568393
53	53	53	b389d717abaff153ae94d2c27d58ce21	FEMALE	"25-34
"	3.1346153846153846	3.6923076923076925	3.7115384615384617	0.3076923076923077	3.2884615384615383	99.0	0.8076923076923077	0.75	0	0.09615384615384616	77.22419928825623
54	54	54	cd0da710afd5760211b51fccf55cebc0	MALE	"25-34
"	0.643	0.796	0.825	0.706	2.506	98.336	0.551	0.511	0	0.01	0.24345709068776628
55	55	55	61244154e362cece7e2d3c1139948bde	FEMALE	"25-34
"	0.736	0.923	0.964	0.935	3.134	106.824	0.711	0.5	0	0.005	40.89380105718405
56	56	56	d3fbad0a96845119d5dbd0e772c9fe53	MALE	"50-64
"	0.6903225806451613	0.7612903225806451	0.7645161290322581	0.0064516129032258064	1.7419354838709677	87.2516129032258	0.9483870967741935	0.4129032258064516	0	0.025806451612903226	0.0
57	57	57	2fe79a680117c0471f04f0e15574ff32	MALE	"25-34
"	0.7376811594202899	0.9188405797101449	0.9521739130434783	0.18405797101449275	2.53768115942029	89.1231884057971	0.8072463768115942	0.663768115942029	0	0.010144927536231883	15.295095594347465
58	58	58	71c28d43f222e37b10a8bb25c32f769b	MALE	"35-49
"	0.797	1.043	1.073	0.995	3.961	103.277	0.396	0.784	0	0.013	45.50677061961428
59	59	59	4e100982097898ed43731519079b2624	FEMALE	"35-49
"	1.0241935483870968	1.153225806451613	1.1612903225806452	0.9516129032258065	3.225806451612903	105.03225806451613	0.4838709677419355	0.5967741935483871	0	0.04032258064516129	0.0
60	60	60	f19aeb556421957a652607f44cd0618d	MALE	"25-34
"	0.679	0.893	0.918	0.75	3.353	105.191	0.527	0.429	0	0.014	10.88875809299588
61	61	61	da115f57c51dfd62696dc17819c89c69	FEMALE	"50-64
"	1.1139240506329113	1.2658227848101267	1.3354430379746836	0.8227848101265823	1.7341772151898733	101.69620253164557	0.7341772151898734	0.4430379746835443	0	0.08227848101265822	0.0
62	62	62	29b30793758d86f7106cd2f075389aeb	FEMALE	"25-34
"	2.5568181818181817	3.0568181818181817	3.2954545454545454	0.875	2.5795454545454546	85.55681818181819	0.7159090909090909	0.5568181818181818	0	0.2840909090909091	75.23148148148148
63	63	63	30d04c264517f10e8bc1ff1fa85cc171	MALE	"35-49
"	0.491869918699187	0.5487804878048781	0.5609756097560976	0.6717479674796748	2.4542682926829267	174.6808943089431	0.8841463414634146	0.4105691056910569	0	0.014227642276422764	39.61038961038961
64	64	64	07011b7672dfa64896c4c7b1b41ef95d	FEMALE	"35-49
"	1.8333333333333333	2.2	2.4	1.4666666666666666	3.066666666666667	120.93333333333334	0.6666666666666666	0.26666666666666666	0	0.5	0.0
65	65	65	bca317bab408efbfb850aaf055948e47	FEMALE	"35-49
"	0.723	0.942	0.984	1.161	3.721	92.205	0.226	0.713	0	0.004	51.439435089625206
66	66	66	596e9d456290a697768556b7138a6785	FEMALE	"25-34
"	0.5845070422535211	0.7183098591549296	0.7241784037558685	0.5140845070422535	1.6150234741784038	72.77464788732394	0.24647887323943662	0.4647887323943662	0	0.009389671361502348	0.0
67	67	67	60b7e6f9392c51d9c5ac9322ffd55e34	FEMALE	"25-34
"	0.8188638799571275	1.1039657020364415	1.144694533762058	1.2090032154340835	5.161843515541265	139.63129689174704	0.5423365487674169	0.5026795284030011	0	0.021436227224008574	59.75567190226876
68	68	68	5669fee8a5a0f3379e0bf9821d06b886	MALE	"35-49
"	0.7313131313131314	0.9	0.9212121212121213	0.4595959595959596	3.7707070707070707	148.02727272727273	0.6818181818181818	0.48484848484848486	0	0.005050505050505051	40.85982658959538
69	69	69	0cd4619d5395966996a64d0dd25ab76a	MALE	"25-34
"	0.6676737160120846	0.7915407854984894	0.8036253776435045	0.4471299093655589	1.8126888217522659	107.61027190332327	0.2930513595166163	0.1691842900302115	0	0.0075528700906344415	0.0
70	70	70	11a689d54c4af2394bc91b4003e527f3	MALE	"35-49
"	0.733	0.873	0.895	0.081	2.857	102.455	0.899	0.512	0	0.026	59.60629921259842
71	71	71	ca59762fccbeb8a73f349c99a256a220	MALE	"35-49
"	0.7048192771084337	0.820281124497992	0.8473895582329317	0.030120481927710843	3.28714859437751	134.30722891566265	0.8785140562248996	0.464859437751004	0	0.01606425702811245	55.8295174357168
72	72	72	b4f536c8c69f0fa770a87a84df93ff00	FEMALE	"35-49
"	0.719	0.846	0.882	0.065	2.167	152.417	0.884	0.11	0	0.011	58.46492838780757
73	73	73	4271744f41e075073f75870f64e15ed9	FEMALE	"25-34
"	0.4766734279918864	0.579107505070994	0.6338742393509128	0.3002028397565923	4.04868154158215	79.52332657200812	0.6267748478701826	0.4827586206896552	0	0.0010141987829614604	0.0
74	74	74	5041977a41240fa87c06e5d98500921a	FEMALE	"50-64
"	1.1041666666666667	1.1666666666666667	1.1875	0.9166666666666666	2.8333333333333335	87.25	0.4166666666666667	0.4583333333333333	0	0.0625	0.0
75	75	75	15510d987ae1b8906090db1a62efc5f0	MALE	"35-49
"	0.22899505766062603	0.26194398682042835	0.2833607907742998	0.899505766062603	2.087314662273476	100.43822075782538	0.5601317957166392	0.42833607907743	0	0.011532125205930808	70.85057471264368
76	76	76	01af1cc8a0aad1ba7d237d1144338bc6	FEMALE	"25-34
"	0.6224226804123711	0.7822164948453608	0.8131443298969072	1.2448453608247423	1.6945876288659794	105.84536082474227	0.6533505154639175	0.5128865979381443	0	0.00902061855670103	56.61462612982745
77	77	77	49bdb7f4175a6af1a20fb87610e938dd	MALE	"35-49
"	0.723	0.899	0.909	0.907	2.891	117.94	0.593	0.404	0	0.02	50.13066202090592
78	78	78	c330c997feb912afba713bad6bba2dcb	FEMALE	"25-34
"	0.8142857142857143	0.9142857142857143	1.1571428571428573	1.3428571428571427	3.7142857142857144	107.88571428571429	0.8285714285714286	0.8	0	0.08571428571428572	0.0
79	79	79	da0d0e3527b931bb0bc6f5435003ea2a	MALE	"25-34
"	0.567	0.773	0.807	0.396	1.412	58.157	0.702	0.268	0	0.01	53.223684210526315
80	80	80	7ef4b07863703ef906a27c6cc1ef2cf1	MALE	"25-34
"	0.706060606060606	0.8075757575757576	0.8227272727272728	0.5696969696969697	3.5393939393939395	111.39393939393939	0.6424242424242425	0.4575757575757576	0	0.01818181818181818	0.0
81	81	81	a959267774764d936d94ee292e992fa0	FEMALE	"35-49
"	1.2	1.3	1.3	1.0666666666666667	2.8666666666666667	140.06666666666666	0.4666666666666667	0.3333333333333333	0	0.5	0.0
82	82	82	ebe3d72e3e5ee4a2bb39ebe437ad1235	FEMALE	"35-49
"	0.0	0.0	0.0	0.0	0.0	0.0	0.0	0.0	0	0.0	0.0
83	83	83	2a51019ad188fecb32cc429c4b4895ed	MALE	"50-64
"	1.3217922606924644	1.6171079429735233	1.64969450101833	1.3258655804480652	3.8513238289205702	128.80448065173115	0.670061099796334	0.43380855397148677	0	0.03665987780040733	60.49883990719258
84	84	84	15bfa35315fb53d6d2116e103e744db2	MALE	"35-49
"	0.8057851239669421	0.8987603305785123	0.9152892561983471	0.3884297520661157	2.425619834710744	93.5909090909091	0.7644628099173554	0.4669421487603306	0	0.06198347107438017	0.0
85	85	85	361a5b6f327d74344f0f8c4cd7c27970	MALE	"25-34
"	0.3430232558139535	0.36191860465116277	0.39825581395348836	0.7921511627906976	2.568313953488372	102.85319767441861	0.39244186046511625	0.5872093023255814	0	0.01308139534883721	70.53401144310236
86	86	86	a69ad6efd8ad2bdd8f82cff2a211246c	MALE	"18-24
"	0.8349056603773585	1.1014150943396226	1.125	0.17688679245283018	3.7464622641509435	102.97995283018868	0.8879716981132075	0.8667452830188679	0	0.007075471698113208	54.1507024265645
87	87	87	74e478007dff9ad57d9457ad742d56af	MALE	"35-49
"	0.678	0.839	0.866	0.81	3.545	125.159	0.528	0.464	0	0.009	16.14219114219114
88	88	88	6904623191a2ed14d61525633a5f5745	MALE	"35-49
"	0.6319218241042345	0.747557003257329	0.7687296416938111	0.4788273615635179	2.50814332247557	103.72964169381108	0.8534201954397395	0.42671009771986973	0	0.011400651465798045	0.0
89	89	89	94caf93e855189a05d5b447b0a283b97	MALE	"35-49
"	0.45093457943925236	0.5	0.5327102803738317	0.8481308411214953	2.116822429906542	91.3785046728972	0.4369158878504673	0.46261682242990654	0	0.018691588785046728	69.05801621958827
90	90	90	5d37a3f93178969523645e39a0cc8765	MALE	"35-49
"	0.756	0.98	1.008	0.889	1.848	98.393	0.396	0.355	0	0.015	48.52880232076254
91	91	91	15da7a31e797260960cbf04350085241	FEMALE	"25-34
"	1.105263157894737	1.2105263157894737	1.25	0.02631578947368421	1.6973684210526316	57.88157894736842	0.7894736842105263	0.9868421052631579	0	0.05263157894736842	73.20261437908496
92	92	92	ef8f4e9239e3511c06872ab3cd2f353d	MALE	"35-49
"	0.541	0.655	0.696	0.884	1.954	119.478	0.728	0.38	0	0.022	43.07574598316756
93	93	93	6a377f646423ce1136bce7906e225e6a	FEMALE	"35-49
"	1.3709677419354838	1.5806451612903225	1.5806451612903225	1.4838709677419355	3.096774193548387	118.09677419354838	0.6774193548387096	0.1935483870967742	0	0.20967741935483872	0.0
94	94	94	d06938831492a48c70d30cebf98f7376	FEMALE	"25-34
"	0.643	0.807	0.827	1.338	2.715	97.072	0.656	0.665	0	0.015	51.501723289020184
95	95	95	439c1284e6c3d9000f1ac2ac4df45641	FEMALE	"35-49
"	0.798	1.017	1.05	1.045	2.726	118.493	0.665	0.514	0	0.004	44.723420949391915
96	96	96	8de2105c1c2af55efadd26c38d57a6d7	FEMALE	"35-49
"	1.15	1.265	1.29	1.19	2.09	104.8	0.6	0.36	0	0.035	0.0
97	97	97	1615a8f53c2f674adbec6829fa99e52e	MALE	"35-49
"	0.698	0.828	0.851	0.024	2.283	116.986	0.231	0.964	0	0.009	53.88552815262913
98	98	98	5c23cde33163f2ad77c2e7a63814811b	FEMALE	"35-49
"	0.688	0.895	0.978	1.294	3.398	117.557	0.495	0.63	0	0.011	39.77929584866001
99	99	99	54ae8d1820c6f6c78ca29313dc0c0428	FEMALE	"35-49
"	0.9230769230769231	1.0256410256410255	1.0384615384615385	2.58974358974359	3.230769230769231	112.6923076923077	0.5641025641025641	0.6923076923076923	0	0.15384615384615385	0.0
100	100	100	960c08e2ef0351c0bb50e4a109246880	FEMALE	"25-34
"	0.9513888888888888	1.0625	1.0972222222222223	0.4722222222222222	2.2777777777777777	95.11111111111111	0.7638888888888888	0.5416666666666666	0	0.027777777777777776	0.0
101	101	101	2b008cd4452e21f9e8ca50417c27de2a	MALE	"50-64
"	0.787	1.007	1.034	0.455	3.863	93.181	0.66	0.66	0	0.015	46.634436593529195
102	102	102	52aaad35ca8012830a81d2f5a0799df7	FEMALE	"25-34
"	0.8215767634854771	1.04149377593361	1.0816044260027662	0.43706777316735823	3.4301521438450897	111.29183955739973	0.7786998616874136	0.665283540802213	0	0.029045643153526972	56.580732700135684
103	103	103	415e74d3bc6d91f2a623c34b596c1703	FEMALE	"50-64
"	1.476340694006309	1.750788643533123	1.8107255520504733	0.0694006309148265	2.2492113564668768	108.8044164037855	0.8138801261829653	0.807570977917981	0	0.0031545741324921135	59.36254980079681
104	104	104	bdf01756be5835c7085edc652e5e166b	MALE	"35-49
"	1.112044817927171	1.3529411764705883	1.3837535014005602	0.4887955182072829	3.1218487394957983	125.56022408963585	0.6778711484593838	0.46218487394957986	0	0.028011204481792718	54.84394000810702
105	105	105	5c7304d9543740c317a0d1e0b692b890	MALE	"35-49
"	0.6409921671018277	0.7885117493472585	0.8054830287206266	0.9033942558746736	3.4699738903394257	102.48041775456919	0.4308093994778068	0.4804177545691906	0	0.031331592689295036	0.0
106	106	106	d320d1ee442f41642f67da69343c1b02	FEMALE	"35-49
"	0.7525150905432596	0.9899396378269618	1.0492957746478873	0.08853118712273642	2.5995975855130786	115.27364185110665	0.8853118712273642	0.738430583501006	0	0.012072434607645875	51.56709108716944
107	107	107	d9ee6cc0a5712fbe4c4d06465ab5b939	MALE	"25-34
"	0.7361751152073732	0.9297235023041475	0.9585253456221198	0.7465437788018433	4.721198156682028	114.43548387096774	0.12211981566820276	0.7119815668202765	0	0.02534562211981567	0.0
108	108	108	97876a6b94536deb4c5583f9a756ab72	MALE	"18-24
"	0.646	0.803	0.837	0.629	2.398	92.99	0.945	0.485	0	0.014	57.702582368655385
109	109	109	e1b03a25e9d639ce79cd3779e117b60e	MALE	"50-64
"	0.6976744186046512	0.7848837209302325	0.8546511627906976	0.627906976744186	3.255813953488372	80.22093023255815	0.7325581395348837	0.32558139534883723	0	0.046511627906976744	0.0
110	110	110	247785669a51715032b120566812f2a9	FEMALE	"35-49
"	1.0702479338842976	1.274793388429752	1.3016528925619835	0.43388429752066116	3.822314049586777	118.88842975206612	0.8099173553719008	0.47107438016528924	0	0.0371900826446281	0.0
111	111	111	4687f84cb54bda94350da7f67e51a823	FEMALE	"35-49
"	0.8703241895261845	1.1384039900249376	1.1783042394014962	1.1695760598503742	3.71571072319202	95.08852867830424	0.19451371571072318	0.5910224438902744	0	0.014962593516209476	63.41463414634146
112	112	112	88d1f93972e3c4462b85bc2fa7a9eaae	MALE	"50-64
"	2.125	2.480769230769231	2.519230769230769	0.36538461538461536	2.5576923076923075	83.04807692307692	0.6442307692307693	0.8365384615384616	0	0.14423076923076922	73.63834422657952
113	113	113	16ff60e6cd1df70dcfb2de4755089823	MALE	"25-34
"	0.5971502590673575	0.6930051813471503	0.7085492227979274	0.966321243523316	2.533678756476684	97.44430051813471	0.6113989637305699	0.44689119170984454	0	0.010362694300518135	66.72516672516673
114	114	114	fa294b42e0f15881bbb29812b5f51be8	FEMALE	"18-24
"	0.8600973236009732	1.1763990267639903	1.2871046228710463	0.9148418491484185	3.4720194647201947	103.01703163017032	0.8004866180048662	0.5742092457420924	0	0.0170316301703163	61.09589041095891
115	115	115	025caf45aaec8db680b23464b930e8bc	FEMALE	"35-49
"	0.7720588235294118	0.9203431372549019	0.991421568627451	0.39705882352941174	3.485294117647059	99.89460784313725	0.7843137254901961	0.26715686274509803	0	0.023284313725490197	0.0
116	116	116	2f5b4f04c75499f11f8d5bf10f1508ee	MALE	"18-24
"	0.4246575342465753	0.4657534246575342	0.4794520547945205	0.4931506849315068	0.589041095890411	43.89041095890411	0.5068493150684932	0.1506849315068493	0	0.0273972602739726	0.0
117	117	117	c9eab45ae20780123384cceb6679946c	FEMALE	"35-49
"	3.1818181818181817	3.6	3.6363636363636362	0.05454545454545454	2.9454545454545453	125.05454545454545	0.7454545454545455	0.5454545454545454	0	0.32727272727272727	75.0
118	118	118	de0f088339eda6d3751034d06ea5845f	FEMALE	"35-49
"	0.4895833333333333	0.5208333333333334	0.5416666666666666	2.2291666666666665	2.3333333333333335	63.083333333333336	0.3333333333333333	0.5	0	0.041666666666666664	0.0
119	119	119	d6f0e6c74ed8fb8972f704f046daf3e1	FEMALE	"25-34
"	0.0	0.0	0.0	0.0	0.0	0.0	0.0	0.0	0	0.0	0.0
120	120	120	705094019aa3bee64efd10647d102ecd	FEMALE	"25-34
"	2.3013698630136985	2.8424657534246576	2.8835616438356166	0.5753424657534246	3.219178082191781	86.86986301369863	0.6575342465753424	0.6301369863013698	0	0.04794520547945205	72.168284789644
121	121	121	0540e2e4345d415ee85a6fc7314f4536	FEMALE	"50-64
"	1.7894736842105263	2.036842105263158	2.0842105263157893	0.1631578947368421	1.768421052631579	104.67894736842105	0.8368421052631579	0.7263157894736842	0	0.08421052631578947	67.96407185628742
122	122	122	b84141d84804efbc9f6760f3df19b6b9	MALE	"35-49
"	0.6675191815856778	0.7621483375959079	0.7659846547314578	0.6470588235294118	2.2941176470588234	79.13554987212277	0.5370843989769821	0.629156010230179	0	0.011508951406649617	0.0
123	123	123	255291fff1e306d3332da3464011ee91	FEMALE	"50-64
"	0.48767967145790553	0.5513347022587269	0.5626283367556468	1.1303901437371664	1.5862422997946612	123.47433264887064	0.9034907597535934	0.3264887063655031	0	0.01642710472279261	56.451612903225815
124	124	124	b94c091c649fa9b7703a9f4a0ffb3304	MALE	"35-49
"	0.6217494089834515	0.6855791962174941	0.710401891252955	0.7316784869976359	2.1465721040189125	158.23995271867614	0.7245862884160756	0.35224586288416077	0	0.02364066193853428	61.574697173620464
125	125	125	dd066409a86e37f7ba41ed32fad5fed9	FEMALE	"35-49
"	1.5277777777777777	1.6111111111111112	1.6388888888888888	0.6111111111111112	2.0	112.72222222222223	0.7222222222222222	0.2777777777777778	0	0.1388888888888889	0.0
126	126	126	9e09ba7e55b90376e332cd129de54532	FEMALE	"35-49
"	0.0	0.0	0.0	0.0	0.0	0.0	0.0	0.0	0	0.0	0.0
127	127	127	4f853858087bc7aedc4533f70983df45	MALE	"35-49
"	0.4879032258064516	0.5685483870967742	0.6300403225806451	0.20161290322580644	2.6683467741935485	101.69959677419355	0.9526209677419355	0.46068548387096775	0	0.006048387096774193	56.32262474367737
128	128	128	5c83a98f3d8627a98496d9bbcbb97c3f	FEMALE	"18-24
"	0.619	0.679	0.687	0.0	1.002	89.755	0.945	1.0	0	0.016	58.99858290033065
129	129	129	d7494a26e610ec1f0b0171c755d4fef9	MALE	"50-64
"	1.020297699594046	1.3355886332882274	1.3788903924221922	0.8362652232746955	4.489851150202977	138.95805142083898	0.2855209742895805	0.5588633288227334	0	0.02165087956698241	56.649616368286445
130	130	130	d865063bfe8c8dd59b4d542b98e028d1	FEMALE	"35-49
"	0.5370370370370371	0.6407407407407407	0.674074074074074	1.2962962962962963	2.6481481481481484	99.08518518518518	0.7185185185185186	0.40370370370370373	0	0.003703703703703704	0.0
131	131	131	4df797da477178b8c07b7f67055fe1b6	MALE	"35-49
"	0.9123076923076923	1.1707692307692308	1.2307692307692308	1.1907692307692308	2.8230769230769233	110.93384615384615	0.7	0.6076923076923076	0	0.016923076923076923	56.06407322654462
132	132	132	2f13a205f26f09c92c2d16633087e5e2	MALE	"25-34
"	0.732	0.922	0.942	0.779	2.935	78.634	0.517	0.564	0	0.005	54.76749647721936
133	133	133	a143ec21ceafdfef310420026306c32b	FEMALE	"35-49
"	1.3852459016393444	1.4754098360655739	1.4836065573770492	0.6557377049180327	3.2295081967213113	122.52459016393442	0.5737704918032787	0.5573770491803278	0	0.14754098360655737	0.0
134	134	134	46bce687f790f4688a582da097b604ef	MALE	"25-34
"	0.472	0.575	0.601	0.101	2.605	101.049	0.519	0.836	0	0.02	60.57293629852997
135	135	135	201f19d94e26eb3737dea8ae5141dff3	MALE	"35-49
"	0.788	1.095	1.138	0.499	4.305	112.586	0.697	0.579	0	0.023	53.69230769230769
136	136	136	8ce2f0ac07f7d1961e395a526ca35a3a	FEMALE	"25-34
"	0.0	0.0	0.0	0.0	0.0	0.0	0.0	0.0	0	0.0	0.0
137	137	137	3d363c460b501243b3cc01c8ef8c7e54	FEMALE	"25-34
"	0.76	0.952	1.015	0.848	2.817	110.082	0.803	0.641	0	0.006	54.05940594059406
138	138	138	6df62259a7da8075617a9ff97bb265c1	MALE	"35-49
"	1.0485175202156334	1.3477088948787062	1.4110512129380053	1.7035040431266846	3.8409703504043127	137.79919137466308	0.6226415094339622	0.27897574123989216	0	0.03099730458221024	60.641627543035995
139	139	139	ebfe51690037acec510b6d10d4e58ea5	MALE	"25-34
"	0.744	0.874	0.889	0.297	3.748	89.634	0.648	0.454	0	0.003	64.78605388272584
140	140	140	4753ee601fd03f972db901b5c335d3c0	MALE	"35-49
"	0.0	0.0	0.0	0.0	0.0	0.0	0.0	0.0	0	0.0	0.0
141	141	141	19a9a1af56559b5d299fae4cbac79a0f	FEMALE	"35-49
"	1.3333333333333333	1.3888888888888888	1.3888888888888888	0.3333333333333333	2.7777777777777777	112.88888888888889	0.7777777777777778	0.2222222222222222	0	1.1111111111111112	0.0
142	142	142	9e9ed6f48519eee134596bbcd3274364	FEMALE	"50-64
"	0.354	0.384	0.393	0.492	0.594	80.24	0.993	0.15	0	0.01	61.4070351758794
143	143	143	0da3490da6546ea6fca9b9a2af035647	MALE	"18-24
"	0.739	0.994	1.029	0.763	4.125	98.657	0.507	0.744	0	0.006	47.58979206049149
144	144	144	1db47c5c402644d97c51e020d472dffd	FEMALE	"50-64
"	0.6572398190045249	0.753393665158371	0.7726244343891403	0.40271493212669685	1.3710407239819005	87.81900452488688	0.8156108597285068	0.41855203619909503	0	0.013574660633484163	57.50279955207167
145	145	145	05c65e6d23acd96bcabdd6dfd3ce6dd6	MALE	"35-49
"	0.6622983870967742	0.7671370967741935	0.7741935483870968	0.06653225806451613	1.283266129032258	83.0413306451613	0.8014112903225806	0.23588709677419356	0	0.010080645161290322	56.89473684210527
146	146	146	9faf9af6f25373fdc722be0e07938a00	FEMALE	"35-49
"	2.169642857142857	2.482142857142857	2.5982142857142856	0.2857142857142857	2.2410714285714284	109.14285714285714	0.7589285714285714	0.44642857142857145	0	0.125	69.84126984126983
147	147	147	fd5b4c852ce49baef7a888198853917c	MALE	"35-49
"	0.784	0.977	0.992	0.17	2.168	91.75	0.843	0.977	0	0.003	59.34323690383112
148	148	148	ac9bec22ac3b5c33abd7299845283f9f	FEMALE	"65-xx
"	0.9166666666666666	0.9583333333333334	0.9583333333333334	0.625	2.9583333333333335	135.04166666666666	0.7083333333333334	0.25	0	0.16666666666666666	0.0
149	149	149	a127f04a582d64d2fc3a1d14390eccc5	FEMALE	"18-24
"	1.3076923076923077	1.5288461538461537	1.5576923076923077	0.8461538461538461	2.269230769230769	112.17307692307692	0.5384615384615384	0.4230769230769231	0	0.09615384615384616	0.0
150	150	150	99e4aebbe85cd43b556eb49858542e6d	FEMALE	"35-49
"	0.7076612903225806	0.8901209677419355	0.9183467741935484	0.22379032258064516	3.5816532258064515	121.39012096774194	0.6018145161290323	0.7167338709677419	0	0.016129032258064516	52.146946564885496
151	151	151	4061fe4e70fa836d2e5810165166ddcb	FEMALE	"35-49
"	1.4222222222222223	1.751111111111111	1.8044444444444445	0.7377777777777778	3.5533333333333332	111.16222222222223	0.5911111111111111	0.5266666666666666	0	0.03111111111111111	63.41169379144063
152	152	152	1e51e1f0ccf130be68b42fdaf201f40e	MALE	"25-34
"	0.8828828828828829	1.162162162162162	1.1917631917631917	0.555984555984556	3.7117117117117115	116.33719433719433	0.7078507078507078	0.5238095238095238	0	0.021879021879021878	55.48044422984065
153	153	153	2aef5fe58e8206aefd313324178696c9	FEMALE	"25-34
"	3.5357142857142856	4.119047619047619	4.309523809523809	0.6547619047619048	3.738095238095238	125.08333333333333	0.5119047619047619	0.5833333333333334	0	0.2261904761904762	72.58687258687259
154	154	154	dd44957ee74db121a397cab2b4080379	MALE	"25-34
"	0.8099290780141843	1.0099290780141843	1.0340425531914894	0.8907801418439716	2.6127659574468085	81.83120567375886	0.4808510638297872	0.723404255319149	0	0.032624113475177303	63.296844816484224
155	155	155	becac0d89a5fe1fd565ace075ad52740	FEMALE	"35-49
"	0.572972972972973	0.6135135135135135	0.6270270270270271	0.3945945945945946	2.518918918918919	111.97837837837838	0.7243243243243244	0.6432432432432432	0	0.03513513513513514	0.0
156	156	156	2c3b9d59ebd9cb7abe4665754b1dbd9c	FEMALE	"50-64
"	0.3691683569979716	0.40466531440162273	0.4077079107505071	0.8306288032454361	1.3488843813387423	143.5841784989858	0.31947261663286003	0.04158215010141988	0	0.016227180527383367	52.87356321839081
157	157	157	39fbe20fc952cd15ad7c963a9d7f01a5	MALE	"18-24
"	0.2020460358056266	0.21483375959079284	0.24296675191815856	0.8670076726342711	1.4641943734015346	74.24168797953965	0.35038363171355497	0.4079283887468031	0	0.016624040920716114	65.03156872268092
158	158	158	ffe80a44666c1d12f61d0ad47499eb1e	MALE	"50-64
"	1.1642857142857144	1.2785714285714285	1.2785714285714285	0.45714285714285713	2.257142857142857	122.77142857142857	0.8571428571428571	0.32857142857142857	0	0.12142857142857143	0.0
159	159	159	fe3e3e680ba647137f5b47fa931072b3	MALE	"35-49
"	1.0160116448326055	1.2983988355167395	1.3493449781659388	0.48034934497816595	2.046579330422125	76.73653566229986	0.3231441048034934	0.28966521106259097	0	0.040756914119359534	63.3990410229089
160	160	160	49d61fe719d98c6cbedbd430945336b4	MALE	"35-49
"	0.8720379146919431	1.161137440758294	1.1943127962085307	0.6848341232227488	2.255924170616114	87.30568720379146	0.3696682464454976	0.5296208530805687	0	0.008293838862559242	59.71030042918455
161	161	161	db0a258fa0f6e8b6e008ab9f62a4b58d	FEMALE	"35-49
"	0.7130102040816326	0.8635204081632653	0.8839285714285714	0.3826530612244898	3.517857142857143	119.31122448979592	0.6938775510204082	0.4744897959183674	0	0.03316326530612245	0.0
162	162	162	62fce7e595e9d3b9255ba68bc0ca4f67	FEMALE	"35-49
"	0.661	0.805	0.827	0.257	1.81	90.555	0.79	0.751	0	0.007	52.56811076373381
163	163	163	330afc0d53fa05e546fef9ec5ee76d3d	FEMALE	"25-34
"	0.82	0.9836363636363636	1.009090909090909	0.7709090909090909	2.672727272727273	89.73818181818181	0.43636363636363634	0.48727272727272725	0	0.01090909090909091	0.0
164	164	164	fb5fbb5cef0fd5f64d031b4a39bc4dec	MALE	"35-49
"	0.709	0.898	0.927	0.737	2.496	94.124	0.531	0.301	0	0.012	25.65284178187404
165	165	165	1fb2a7e3c8ecb108e058848318a0f0c9	FEMALE	"25-34
"	0.9418886198547215	1.2058111380145278	1.234866828087167	1.3317191283292977	3.7106537530266346	118.12590799031477	0.6416464891041163	0.5569007263922519	0	0.021791767554479417	60.498366013071895
166	166	166	4a9c6df0b335c37ef60611c592c3d154	MALE	"25-34
"	0.7740963855421686	0.998995983935743	1.035140562248996	0.09538152610441768	3.4909638554216866	111.37349397590361	0.8674698795180723	0.6004016064257028	0	0.009036144578313253	51.20817843866171
167	167	167	491f51cc73a8136a66ecfa5349567d08	MALE	"35-49
"	0.8254545454545454	1.010909090909091	1.038181818181818	1.8690909090909091	3.498181818181818	114.49090909090908	0.48363636363636364	0.44363636363636366	0	0.014545454545454545	0.0
168	168	168	bf64d7a11ad98d18951a96b2bd82f4f2	FEMALE	"35-49
"	0.21942857142857142	0.24571428571428572	0.256	0.9737142857142858	3.246857142857143	167.98171428571428	0.20457142857142857	0.21142857142857144	0	0.013714285714285714	69.57033549146556
169	169	169	b00d4a7efad641297d13e214a80a00c0	MALE	"35-49
"	0.9406060606060606	1.2036363636363636	1.2606060606060605	0.5927272727272728	2.8581818181818184	109.43030303030304	0.8387878787878787	0.616969696969697	0	0.007272727272727273	65.11627906976744
170	170	170	5b199184b468e2051dfcc8427b0d3f8f	MALE	"25-34
"	0.676	0.915	0.947	1.105	3.148	91.239	0.15	0.547	0	0.007	35.55825242718447
171	171	171	de7ec050322b2cb28f5f138747e937b5	MALE	"50-64
"	0.7738814993954051	0.9891172914147521	1.0193470374848852	0.5453446191051995	2.8162031438935915	86.77509068923821	0.592503022974607	0.7073760580411125	0	0.009673518742442563	63.537710255018986
172	172	172	b29383409886a8f4525b52eb55c7b2e7	MALE	"25-34
"	0.6222444889779559	0.7545090180360722	0.7715430861723447	0.5831663326653307	1.5731462925851702	95.06312625250501	0.531062124248497	0.6142284569138277	0	0.013026052104208416	27.705627705627705
173	173	173	cc999c5dca2217ae1fa0d417f33fadca	MALE	"50-64
"	0.44753086419753085	0.4845679012345679	0.49382716049382713	0.4012345679012346	1.0493827160493827	81.59876543209876	0.7469135802469136	0.6049382716049383	0	0.043209876543209874	0.0
174	174	174	d922601b401d0a5c72e4e0fe232f039a	FEMALE	"18-24
"	0.7020585048754063	0.8927410617551462	0.9111592632719393	0.7995666305525461	2.104008667388949	65.12026002166847	0.3315276273022752	0.7952329360780065	0	0.011917659804983749	60.29713114754098
175	175	175	42e11d56798c7d2eeb401905fd2c43be	FEMALE	"25-34
"	0.6239583333333333	0.8208333333333333	0.8479166666666667	0.4	2.0875	84.59375	0.7729166666666667	0.746875	0	0.020833333333333332	59.29203539823009
176	176	176	1d5c9e2c52e7810c9d4bab6a1ed0d73f	FEMALE	"25-34
"	0.8854296388542964	1.1544209215442092	1.1880448318804484	0.7534246575342466	3.7073474470734746	91.74470734744708	0.4931506849315068	0.8929016189290162	0	0.028642590286425903	56.71859785783836
177	177	177	d55a840544dcbdaa40a72afa5ed94e2f	MALE	"35-49
"	0.614	0.688	0.7	0.01	1.13	86.539	0.979	0.978	0	0.012	38.480154888673766
178	178	178	153a084dc32a339d356619232f3dea59	MALE	"50-64
"	1.2140077821011672	1.3579766536964981	1.3754863813229572	0.38910505836575876	2.2412451361867705	121.73735408560312	0.8599221789883269	0.5778210116731517	0	0.021400778210116732	67.32623033992897
179	179	179	f09f1914be5fb34479264b1117b41508	MALE	"25-34
"	0.473	0.571	0.582	0.188	2.289	89.288	0.805	0.9	0	0.004	46.10526315789474
180	180	180	75470794aa1249218c8d5699018560ab	FEMALE	"50-64
"	1.0623916811091854	1.3102253032928943	1.3570190641247835	0.41767764298093585	2.5580589254766033	113.3050259965338	0.6655112651646448	0.4852686308492201	0	0.019064124783362217	57.868020304568525
181	181	181	60d21d384ea52074f685904742b8cd4e	MALE	"35-49
"	0.4646302250803859	0.49517684887459806	0.4983922829581994	0.5401929260450161	1.5241157556270097	58.79742765273312	0.5144694533762058	0.8585209003215434	0	0.00964630225080386	0.0
182	182	182	833f9711a4e415b8398c8ddffbeac33d	FEMALE	"18-24
"	0.597	0.775	0.804	0.491	3.36	71.964	0.508	0.612	0	0.01	39.584644430459406
183	183	183	3ddc3d28ab03243984730b5a09efeb48	MALE	"35-49
"	0.757884028484232	0.9542217700915565	0.9949135300101729	0.20142421159715157	2.7202441505595116	84.74465920651068	0.8341810783316378	0.6174974567650051	0	0.01627670396744659	64.12784767086025
184	184	184	c0c92b0debe3dc52396f9441d3b7bd4d	FEMALE	"25-34
"	0.6679151061173533	0.8289637952559301	0.8601747815230961	0.5443196004993758	2.5980024968789013	96.1210986267166	0.7615480649188514	0.6204744069912609	0	0.02247191011235955	45.66929133858268
185	185	185	4de662e0e342a9ded396c7415de91a56	MALE	"35-49
"	0.7960725075528701	0.9290030211480362	0.947129909365559	0.6253776435045317	2.4138972809667676	86.2870090634441	0.43202416918429004	0.5861027190332326	0	0.03172205438066465	0.0
186	186	186	e1be97bb60f62f1399a95c9fcb8f85d7	FEMALE	"25-34
"	0.4365079365079365	0.48412698412698413	0.4880952380952381	0.4444444444444444	2.3412698412698414	112.72222222222223	0.7857142857142857	0.373015873015873	0	0.047619047619047616	0.0
187	187	187	7aa419002c37d211fecd08bcbb3fc714	FEMALE	"35-49
"	0.47039473684210525	0.5197368421052632	0.5263157894736842	0.3881578947368421	2.0197368421052633	78.61842105263158	0.756578947368421	0.46710526315789475	0	0.029605263157894735	0.0
188	188	188	c3aff41dc71ebbf69d5e15c4f4584aee	MALE	"50-64
"	0.5995995995995996	0.7607607607607607	0.7927927927927928	1.5245245245245245	2.6036036036036037	111.5955955955956	0.5575575575575575	0.42242242242242245	0	0.01901901901901902	48.92601431980907
189	189	189	4392ce5936db3591f713b0171ffd0e17	FEMALE	"50-64
"	0.04245283018867924	0.04245283018867924	0.04245283018867924	1.1603773584905661	0.7924528301886793	37.14150943396226	0.03773584905660377	0.20754716981132076	0	0.02830188679245283	0.0
190	190	190	0868068f24a5eeb517141bb58e531738	FEMALE	"50-64
"	0.625886524822695	0.6950354609929078	0.7039007092198581	0.7127659574468085	2.280141843971631	81.09574468085107	0.41134751773049644	0.5638297872340425	0	0.012411347517730497	0.0
191	191	191	1b50196b8436f77669bdee925a2c4dfa	FEMALE	"25-34
"	1.0453648915187377	1.2011834319526626	1.21301775147929	0.757396449704142	2.3727810650887573	111.08481262327416	0.591715976331361	0.4358974358974359	0	0.05325443786982249	62.294211364843335
192	192	192	5ee4f3885e087a57d20ce4545d0f15a0	MALE	"25-34
"	0.633	0.792	0.818	1.09	4.214	106.534	0.726	0.776	0	0.012	29.20353982300885
193	193	193	871f9e9590b7102a0c5021ea30f388d2	MALE	"50-64
"	0.8410931174089069	0.9898785425101214	1.0010121457489878	0.06174089068825911	4.549595141700405	141.35728744939271	0.9433198380566802	0.8562753036437247	0	0.019230769230769232	56.98738560474895
194	194	194	611d21bbf8ba18cfedb76104c117ff76	MALE	"35-49
"	0.728	0.892	0.913	0.7	3.744	111.809	0.433	0.599	0	0.016	43.310463121783876
195	195	195	c5c76c3a14f42b09a61cfae383f4e867	MALE	"35-49
"	0.611969111969112	0.6486486486486487	0.6525096525096525	0.528957528957529	2.7837837837837838	97.12355212355213	0.6872586872586872	0.33976833976833976	0	0.025096525096525095	0.0
196	196	196	3316270c2e911fc9ee491dbad386ed4e	MALE	"65-xx
"	0.398	0.433	0.437	0.102	2.76	126.341	0.913	0.794	0	0.007	10.092449922958398
197	197	197	afbd211ae593ffa10484bfef62b7ba81	MALE	"35-49
"	0.8482142857142857	0.9352678571428571	0.9419642857142857	0.03125	2.3035714285714284	99.54910714285714	0.9553571428571429	0.7232142857142857	0	0.022321428571428572	0.0
198	198	198	278578135bfa56ada28f14085db9307b	FEMALE	"25-34
"	0.625	0.6875	0.71875	2.1875	1.625	92.8125	0.8125	0.4375	0	0.15625	0.0
199	199	199	82afe6d0e442474805f60abaae33b16d	MALE	"35-49
"	0.73	0.918	0.936	0.406	3.219	122.9	0.596	0.475	0	0.012	23.247232472324722
200	200	200	ddee9ef7cd0ca20b9fb02c3e0fca4b6c	MALE	"65-xx
"	0.605	0.706	0.723	0.119	3.759	139.409	0.845	0.695	0	0.013	44.4327731092437
201	201	201	7ef07ccaeb4ab25bb792f4c1261fa6a0	FEMALE	"35-49
"	0.40981963927855714	0.4759519038076152	0.48997995991983967	0.22344689378757515	2.3877755511022043	109.48597194388778	0.9529058116232465	0.20741482965931865	0	0.006012024048096192	44.30072756669362
202	202	202	546e4438c2c05ac53b819a9596c280fc	MALE	"35-49
"	0.297	0.329	0.332	0.288	1.032	53.134	0.852	0.146	0	0.003	24.14486921529175
203	203	203	677c3fa6f2bf633912df4f0b8ebf0eee	MALE	"25-34
"	0.612	0.81	0.844	0.674	2.49	69.933	0.438	0.744	0	0.009	50.690448791714616
204	204	204	7c33eec7eb8a8f25ce02dc6289c700c0	FEMALE	"35-49
"	0.42	0.42	0.42	0.4	1.24	37.8	0.48	0.44	0	0.04	0.0
205	205	205	9343a615899a7fbd94403d228463f26d	MALE	"35-49
"	0.6263020833333334	0.7552083333333334	0.7734375	0.19270833333333334	2.8046875	84.7890625	0.6588541666666666	0.3307291666666667	0	0.010416666666666666	0.0
206	206	206	33de079e6e90ae26e67de06ac1db9bdb	MALE	"35-49
"	0.7808219178082192	0.908675799086758	0.9657534246575342	0.2831050228310502	1.5296803652968036	103.47945205479452	0.7945205479452054	0.5799086757990868	0	0.0319634703196347	0.0
207	207	207	296a65301cfe2b61269c0d2d11922433	FEMALE	"50-64
"	0.715605749486653	0.9476386036960985	0.9835728952772074	0.5164271047227926	2.1457905544147846	67.46919917864476	0.8264887063655031	0.4527720739219713	0	0.00513347022587269	61.126603457891804
208	208	208	d1ec90379b8333663fec536e79fe29f2	MALE	"35-49
"	0.1972361809045226	0.21482412060301506	0.2185929648241206	0.7713567839195979	1.9597989949748744	51.44221105527638	0.5175879396984925	0.6733668341708543	0	0.005025125628140704	0.0
209	209	209	5f7456d58b542c50be788ae5f20326ba	MALE	"25-34
"	0.578	0.696	0.724	0.184	1.455	75.72	0.792	0.864	0	0.007	53.561088592935725
210	210	210	3441a01d2d0c4dfe72216b104a1eba95	MALE	"35-49
"	0.733	0.904	0.925	0.727	3.189	90.316	0.424	0.81	0	0.016	41.415929203539825
211	211	211	4877dddcc26b8768206f3adb2371193c	MALE	"25-34
"	0.739	0.885	0.92	0.022	1.125	91.863	0.896	0.879	0	0.01	55.188679245283026
212	212	212	cede0dea9347713bc0b3b0aaf4e42020	FEMALE	"35-49
"	0.5277777777777778	0.5277777777777778	0.5277777777777778	1.1666666666666667	2.7777777777777777	57.05555555555556	0.3333333333333333	0.5	0	0.08333333333333333	0.0
213	213	213	674e327673e224ce6f2c3bee658ac14a	FEMALE	"35-49
"	0.509	0.581	0.593	0.538	2.087	100.76	0.785	0.848	0	0.009	47.77195281782438
214	214	214	054982b5dbe32c7becd47ff10c6c55be	MALE	"35-49
"	1.0159744408945688	1.2539936102236422	1.2843450479233227	0.31150159744408945	2.7124600638977636	103.22683706070288	0.7587859424920128	0.28753993610223644	0	0.020766773162939296	55.08752735229759
215	215	215	98235f2c239b119c166a549b19b52abf	FEMALE	"25-34
"	0.41076487252124644	0.4490084985835694	0.48725212464589235	0.48583569405099153	2.0637393767705383	80.72237960339943	0.6260623229461756	0.4447592067988669	0	0.0028328611898017	67.47747747747748
216	216	216	c7a67d7a055820d3239f0e9d89ed8ef0	MALE	"18-24
"	0.688	0.872	0.887	0.269	3.71	114.437	0.809	0.328	0	0.016	24.105263157894736
217	217	217	815c739d16821a8df42594567ea83862	MALE	"35-49
"	0.30603448275862066	0.33620689655172414	0.34913793103448276	0.0	3.4482758620689653	153.51293103448276	0.875	0.09482758620689655	0	0.021551724137931036	0.0
218	218	218	064486fb93ed6edc4f4f1e67e63f80ca	FEMALE	"35-49
"	0.11702127659574468	0.125531914893617	0.125531914893617	1.251063829787234	2.6808510638297873	54.1531914893617	0.24680851063829787	0.6127659574468085	0	0.00425531914893617	0.0
219	219	219	1bf95c355c40496cf62e2edb570ae5de	FEMALE	"50-64
"	2.410958904109589	2.9178082191780823	3.1095890410958904	0.0	2.547945205479452	101.95890410958904	0.958904109589041	0.2876712328767123	0	0.1917808219178082	62.848297213622295
220	220	220	c13338b72c5ef7d5dfd2dbedbd381e35	FEMALE	"50-64
"	1.1275510204081634	1.2959183673469388	1.316326530612245	0.5102040816326531	3.173469387755102	107.73469387755102	0.5612244897959183	0.2857142857142857	0	0.08673469387755102	0.0
221	221	221	530b257442c7d1b85bb7aa4208321024	FEMALE	"65-xx
"	1.3061224489795917	1.469387755102041	1.4965986394557824	0.7278911564625851	2.687074829931973	126.6938775510204	0.5918367346938775	0.2108843537414966	0	0.006802721088435374	0.0
222	222	222	ba8a0a7575e75d6c14167005020403a6	MALE	"25-34
"	0.775	1.031	1.058	0.102	5.638	102.752	0.906	0.899	0	0.023	55.469538875799394
223	223	223	f42e7c6f26cf3e92767b18b9f38db0dc	FEMALE	"50-64
"	0.5504782146652497	0.6535600425079703	0.6811902231668437	0.09351753453772582	1.691817215727949	69.43676939426142	0.6631243358129649	0.9181721572794899	0	0.022316684378320937	60.55962691538974
224	224	224	363635bbdda24724ed7bfc474f53bb88	MALE	"35-49
"	1.3582089552238805	1.5714285714285714	1.5820895522388059	0.8422174840085288	2.9488272921108742	119.76119402985074	0.6162046908315565	0.31769722814498935	0	0.029850746268656716	62.83863368669023
225	225	225	52bf2acfb0403cd5557d7b77a4de93f8	MALE	"50-64
"	0.31555555555555553	0.3511111111111111	0.35777777777777775	0.0044444444444444444	1.9333333333333333	124.17777777777778	0.8666666666666667	0.4577777777777778	0	0.011111111111111112	0.0
226	226	226	22c11b9f7e8e94f3d11bdcda976bbc63	FEMALE	"35-49
"	0.140625	0.16145833333333334	0.16145833333333334	1.2708333333333333	1.4947916666666667	32.932291666666664	0.0625	0.4114583333333333	0	0.010416666666666666	81.22605363984674
227	227	227	7ad34b9e9a8753cf98af03f04d195a45	FEMALE	"25-34
"	3.125	3.578125	3.609375	0.59375	3.71875	115.8125	0.609375	0.578125	0	0.1875	74.72826086956522
228	228	228	45b43d19938acc00839f2725d467da22	MALE	"25-34
"	0.7103762827822121	0.8825541619156214	0.9019384264538198	0.18700114025085518	3.0285062713797037	106.30444697833524	0.9384264538198404	0.4709236031927024	0	0.028506271379703536	48.954372623574145
229	229	229	bc8a55a8845ffd0706de85b6b0bb83b2	FEMALE	"25-34
"	0.737	0.925	0.958	0.812	3.102	81.002	0.366	0.821	0	0.002	53.288526164186266
230	230	230	05f97ea55282c4f81fce6fa5751a7ef4	FEMALE	"35-49
"	0.4852941176470588	0.5	0.5	0.8529411764705882	0.7352941176470589	149.88235294117646	0.5	0.029411764705882353	0	0.17647058823529413	0.0
231	231	231	957dc24791e83a8f9facd669ebdfab40	FEMALE	"25-34
"	0.728	0.852	0.862	0.4	2.435	121.562	0.808	0.54	0	0.013	28.599761999206663
232	232	232	0394cf313b58ea16e3776dab47042e5f	MALE	"35-49
"	0.581	0.74	0.762	1.256	3.446	90.679	0.107	0.88	0	0.011	57.79127948534668
233	233	233	8a7257f3de4a861a5f4ff05211c23f2a	MALE	"35-49
"	0.693	0.918	0.972	0.079	1.714	75.365	0.751	0.778	0	0.006	60.51961283749363
234	234	234	e475c2e9671ef0fc3f2886df571e89ab	MALE	"25-34
"	0.694	0.896	0.915	0.554	3.377	115.478	0.593	0.727	0	0.013	10.78048780487805
235	235	235	c49d67f0ed88acd66484c5db337500a8	MALE	"25-34
"	0.583	0.757	0.791	0.824	2.857	67.294	0.429	0.503	0	0.016	53.64412344057781
236	236	236	515618c30574293240c3b346bdf04b5f	FEMALE	"35-49
"	1.7	1.8	1.8	1.4	4.333333333333333	140.86666666666667	0.5333333333333333	0.4	0	0.4	0.0
237	237	237	40b8af7721fd105d0f5ecb5dad74a991	FEMALE	"35-49
"	0.78125	0.875	0.875	1.0625	2.125	53.3125	0.4375	0.8125	0	0.125	0.0
238	238	238	b4b03d72bcf52773ec6b7c0a91ccfe1e	FEMALE	"50-64
"	0.6397984886649875	0.8324937027707808	0.8765743073047859	1.4534005037783375	2.8438287153652393	76.74433249370277	0.14105793450881612	0.743073047858942	0	0.015113350125944584	52.99065420560748
239	239	239	54db3923f033e1dd6a82222aa2604ab9	FEMALE	"25-34
"	0.767	1.036	1.084	0.517	3.27	92.848	0.607	0.821	0	0.009	55.65610859728507
240	240	240	1b5fce78bd79817764b781294eb57455	FEMALE	"25-34
"	0.728	0.956	1.003	1.076	3.703	101.528	0.487	0.723	0	0.012	46.208530805687204
241	241	241	215dc25e9f73daf636a93294e32b4f56	FEMALE	"25-34
"	0.837	1.111	1.15	0.899	3.884	97.639	0.587	0.652	0	0.021	57.938429609131795
242	242	242	6929db7b4f31f715eb511d844a011b38	FEMALE	"25-34
"	0.9550898203592815	1.2290419161676647	1.281437125748503	1.0523952095808384	1.776946107784431	83.2065868263473	0.35479041916167664	0.3218562874251497	0	0.011976047904191617	60.19830028328612
243	243	243	696b5f0612f4c6249b28c0ea69bb5705	MALE	"25-34
"	0.9125	1.17375	1.1975	0.8925	3.49	79.96625	0.3975	0.755	0	0.01875	61.095372993389994
244	244	244	a28f8dd03948a47b1144ad5df6ccc483	MALE	"35-49
"	0.7270531400966184	0.7995169082125604	0.8043478260869565	0.9951690821256038	1.9758454106280192	127.65217391304348	0.5265700483091788	0.28019323671497587	0	0.06038647342995169	0.0
245	245	245	4373deaa5102d1669f5b6d9acc87c472	FEMALE	"25-34
"	1.2857142857142858	1.4523809523809523	1.4523809523809523	0.8095238095238095	3.2857142857142856	103.95238095238095	0.47619047619047616	0.42857142857142855	0	0.07142857142857142	0.0
246	246	246	f18213b41bb7311717493a931dc32296	FEMALE	"35-49
"	1.0043290043290043	1.2958152958152958	1.3477633477633477	0.8383838383838383	3.386724386724387	109.4098124098124	0.7518037518037518	0.5064935064935064	0	0.020202020202020204	65.42301629006832
247	247	247	8a72e07a0c26977ba7677614c1b215d3	MALE	"25-34
"	1.0377668308702792	1.2380952380952381	1.284072249589491	0.29064039408866993	1.6650246305418719	90.67816091954023	0.7668308702791461	0.7077175697865353	0	0.014778325123152709	62.04156479217604
248	248	248	15cf31e89178b2894ea38869d8c6c75e	FEMALE	"35-49
"	1.1323529411764706	1.2426470588235294	1.2647058823529411	0.7941176470588235	2.8529411764705883	92.57352941176471	0.6617647058823529	0.2647058823529412	0	0.03676470588235294	0.0
249	249	249	2791aad00710bd046c2358e36687f9e0	FEMALE	"35-49
"	0.5151515151515151	0.5606060606060606	0.5757575757575758	1.6363636363636365	1.4545454545454546	106.54545454545455	0.6060606060606061	0.6060606060606061	0	0.09090909090909091	0.0
250	250	250	9f4fe89a809a7e3225be7537ef0eba9c	FEMALE	"25-34
"	0.647	0.829	0.867	1.258	3.562	107.052	0.722	0.893	0	0.022	37.934065934065934
251	251	251	6c712b47c8e9db4dd7f0f1725045f7bc	MALE	"50-64
"	1.3194748358862145	1.5645514223194747	1.6061269146608315	0.687089715536105	2.1006564551422318	119.00437636761488	0.824945295404814	0.6849015317286652	0	0.02188183807439825	64.80446927374301
252	252	252	e998c03854f361533564e69eddc11a79	FEMALE	"35-49
"	0.6200607902735562	0.795339412360689	0.8267477203647416	0.331306990881459	2.3728470111448834	113.98581560283688	0.806484295845998	0.5106382978723404	0	0.011144883485309016	54.95722194262708
253	253	253	fe4b7d846a74dd02625de0731600d83e	FEMALE	"18-24
"	0.6	0.6777777777777778	0.7	1.1111111111111112	2.088888888888889	99.06666666666666	0.6666666666666666	0.3111111111111111	0	0.13333333333333333	0.0
254	254	254	73d39b8188e8ce968192ca6e993a8f12	MALE	"35-49
"	1.3135011441647597	1.540045766590389	1.5560640732265447	0.2425629290617849	0.700228832951945	116.01144164759725	0.5560640732265446	0.6086956521739131	0	0.02745995423340961	68.20388349514563
255	255	255	1d47415a2fc388ac89b5ecda8a95554c	MALE	"25-34
"	0.6127450980392157	0.7034313725490197	0.7230392156862745	0.27941176470588236	1.232843137254902	90.43137254901961	0.7377450980392157	0.7794117647058824	0	0.00857843137254902	0.0
256	256	256	6b529117cf7016c19396748c42a0f874	FEMALE	"35-49
"	0.36792452830188677	0.42452830188679247	0.4528301886792453	0.018867924528301886	6.037735849056604	96.73584905660377	0.8679245283018868	0.9622641509433962	0	0.0660377358490566	0.0
257	257	257	534e590a218b8100bb45208cfbdf163b	FEMALE	"35-49
"	0.607	0.78	0.808	0.009	2.052	113.57	0.258	0.484	0	0.021	55.650857719475276
258	258	258	cef70b072cca39a520d5c01b88810872	MALE	"35-49
"	0.748	0.981	1.021	0.862	3.549	86.721	0.266	0.598	0	0.03	51.50115473441108
259	259	259	e058844aedc87d48d3e87776dee5b348	MALE	"25-34
"	0.585	0.711	0.73	1.434	4.084	110.854	0.166	0.814	0	0.013	14.63903743315508
260	260	260	5f60f27c9b62684dd18f4b3c58e6ce54	FEMALE	"35-49
"	0.74	0.897	0.921	0.722	4.31	117.621	0.744	0.167	0	0.026	36.23122439690487
261	261	261	7406e65cbf8858b9260f36676efdd590	MALE	"35-49
"	0.5	0.5536585365853659	0.651219512195122	0.3024390243902439	2.0926829268292684	88.85365853658537	0.9463414634146341	0.7707317073170732	0	0.014634146341463415	0.0
262	262	262	ba3a6aef89897131e4301c9f3c91a76c	FEMALE	"25-34
"	0.6750823271130626	0.7837541163556532	0.8100987925356751	0.18551042810098792	2.0647639956092205	112.12403951701427	0.7387486278814489	0.18660812294182216	0	0.012074643249176729	57.68041237113402
263	263	263	a3e92f89da25918c2092124995357413	FEMALE	"35-49
"	2.9342105263157894	3.3157894736842106	3.3552631578947367	0.4605263157894737	3.8684210526315788	124.53947368421052	0.631578947368421	0.4868421052631579	0	0.2236842105263158	67.68558951965066
264	264	264	f7f54bc11f4d10c7fec58a38f796c7d3	MALE	"25-34
"	0.768	0.961	0.985	0.582	3.029	88.784	0.574	0.81	0	0.018	55.31271015467384
265	265	265	74da671513474c0630cb254c3abc434f	MALE	"50-64
"	0.5679287305122495	0.6982182628062361	0.7115812917594655	1.6547884187082404	7.055679287305122	127.66592427616926	0.2984409799554566	0.8596881959910914	0	0.013363028953229399	0.0
266	266	266	4024d8b2b57ca979fa44ed26161a09a9	FEMALE	"35-49
"	0.687	0.844	0.867	0.212	2.472	111.907	0.827	0.775	0	0.006	24.216524216524217
267	267	267	7eab4a711ed86375a854684f4330ea81	MALE	"50-64
"	2.1265822784810124	2.2974683544303796	2.2974683544303796	0.9050632911392406	2.7468354430379747	86.63291139240506	0.1962025316455696	0.5822784810126582	0	0.0949367088607595	82.78388278388277
268	268	268	9f5ffb7a6a0173156193d52d831eaacf	MALE	"35-49
"	0.487	0.539	0.549	0.221	1.59	91.368	0.921	0.538	0	0.014	54.278305963699225
269	269	269	7264d53720998dc6bab12307b0bcb3cb	MALE	"25-34
"	0.7642752562225475	0.9707174231332357	1.0190336749633968	0.7891654465592972	4.402635431918009	133.11420204978037	0.8125915080527086	0.5871156661786238	0	0.029282576866764276	52.16844751728472
270	270	270	af2306c5c15c438adf1fc01cb3bc7504	FEMALE	"35-49
"	1.108695652173913	1.1956521739130435	1.2173913043478262	0.17391304347826086	3.652173913043478	119.26086956521739	0.6956521739130435	0.782608695652174	0	0.2826086956521739	0.0
271	271	271	ae50c06b7772995439999108e8a94784	MALE	"50-64
"	0.925	1.075	1.1	1.268181818181818	4.0590909090909095	143.79545454545453	0.42727272727272725	0.2409090909090909	0	0.029545454545454545	0.0
272	272	272	7cc67e70a6125646ca3fc1a96b70736c	MALE	"25-34
"	0.675	0.825	0.855	0.382	3.058	103.559	0.755	0.646	0	0.001	44.81132075471698
273	273	273	aa9be0abea3bbfe94d50f68bc1499bac	FEMALE	"50-64
"	0.451	0.536	0.551	0.019	0.782	103.282	0.885	0.894	0	0.016	52.39786856127886
274	274	274	845b3a9eb8536c14325e4c16db628e2f	MALE	"25-34
"	0.78	1.029	1.065	0.66	2.974	93.603	0.429	0.493	0	0.024	57.528011204481786
275	275	275	0a9e35fd6f123137d585a482f2484d8e	MALE	"25-34
"	0.585	0.757	0.769	0.515	1.908	82.687	0.415	0.496	0	0.006	41.08485499462943
276	276	276	d912c51b671d209edc6672fe203dd345	FEMALE	"50-64
"	0.6515151515151515	0.6666666666666666	0.6666666666666666	0.30303030303030304	2.787878787878788	79.51515151515152	0.7575757575757576	0.6363636363636364	0	0.07575757575757576	0.0
277	277	277	f3ca834609deae606515ff1f9a13e16c	MALE	"50-64
"	1.09375	1.3993055555555556	1.4427083333333333	2.4722222222222223	2.8645833333333335	137.56944444444446	0.4791666666666667	0.18229166666666666	0	0.026041666666666668	62.09553158705701
278	278	278	c6d5c510157faec583465dc2f2f7725d	MALE	"25-34
"	0.7286486486486486	0.9437837837837838	0.9697297297297297	1.025945945945946	2.521081081081081	68.87891891891891	0.28540540540540543	0.5816216216216217	0	0.008648648648648649	61.73496540713145
279	279	279	465c6477241edb9523d5110ed98f151c	FEMALE	"18-24
"	4.137931034482759	4.758620689655173	4.9655172413793105	0.7413793103448276	3.1551724137931036	114.22413793103448	0.7586206896551724	0.25862068965517243	0	0.29310344827586204	78.98936170212765
280	280	280	9354e4ff65d876fbf0bc17ac650c7054	FEMALE	"50-64
"	0.7490909090909091	0.8563636363636363	0.8836363636363637	0.6327272727272727	2.421818181818182	111.32363636363637	0.8763636363636363	0.4109090909090909	0	0.007272727272727273	0.0
281	281	281	b7fcb87cfc30bd734d271b3c2a00a1ce	FEMALE	"35-49
"	2.762295081967213	2.959016393442623	3.0081967213114753	0.14754098360655737	4.139344262295082	131.327868852459	0.7295081967213115	0.4180327868852459	0	0.1885245901639344	73.90326209223848
282	282	282	c9a9d8468da2e505fdc64bb0c7d90616	FEMALE	"50-64
"	0.6978193146417445	0.8161993769470405	0.8411214953271028	0.03271028037383177	2.2538940809968846	89.14174454828661	0.5934579439252337	0.8878504672897196	0	0.010903426791277258	56.414219474497685
283	283	283	705be15bea0164053700e4383a7fdd21	MALE	"50-64
"	1.1476014760147601	1.3413284132841328	1.3653136531365313	0.8800738007380073	1.8985239852398523	107.0129151291513	0.496309963099631	0.3118081180811808	0	0.016605166051660517	63.22650733297122
284	284	284	e97aa16d588d4b38df68c7eea39609ea	FEMALE	"18-24
"	0.6586826347305389	0.8011976047904191	0.8455089820359282	0.7856287425149701	1.267065868263473	86.96287425149701	0.7508982035928143	0.6251497005988024	0	0.02155688622754491	63.65393910101498
285	285	285	c4aa5802bf8371620331a83d9de85951	MALE	"50-64
"	0.7541666666666667	0.85	0.8625	0.7916666666666666	2.6083333333333334	113.05833333333334	0.8166666666666667	0.375	0	0.04583333333333333	0.0
286	286	286	255067d6d118268c76e64f7887ba3dd0	MALE	"25-34
"	0.49516908212560384	0.5772946859903382	0.5857487922705314	0.5821256038647343	1.5579710144927537	83.58937198067633	0.7077294685990339	0.6618357487922706	0	0.014492753623188406	0.0
287	287	287	b10435d02eb67851643ed7acc67f54c0	MALE	"50-64
"	1.509090909090909	1.7333333333333334	1.7696969696969698	0.012121212121212121	1.593939393939394	108.15757575757576	0.696969696969697	0.593939393939394	0	0.12727272727272726	64.75849731663685
288	288	288	3c3a39da1dd56313156d3f6c1a37a66e	MALE	"25-34
"	0.2623814541622761	0.28240252897787144	0.3055848261327713	1.0505795574288725	2.1338250790305584	74.62802950474183	0.3066385669125395	0.5163329820864068	0	0.002107481559536354	66.94698354661791
289	289	289	e9e629c222e25a1146f72c75c230fb03	MALE	"25-34
"	0.31828703703703703	0.3587962962962963	0.3819444444444444	0.9444444444444444	2.707175925925926	80.6886574074074	0.47453703703703703	0.6643518518518519	0	0.015046296296296295	67.90644171779141
290	290	290	e5e6a7021778224bf3668daa559ebf51	FEMALE	"50-64
"	0.6497933884297521	0.8264462809917356	0.8491735537190083	0.045454545454545456	3.072314049586777	114.52376033057851	0.9390495867768595	0.13429752066115702	0	0.015495867768595042	52.397660818713454
291	291	291	6a37a45999b35bbdd1bcac74f1243be3	FEMALE	"35-49
"	0.738	0.976	1.013	0.481	3.678	112.8	0.599	0.609	0	0.004	39.562727745965645
292	292	292	d7949c389fdaad77bc556e651095ebce	FEMALE	"25-34
"	0.9809885931558935	1.2332065906210392	1.2724968314321927	0.8897338403041825	2.296577946768061	118.93789607097592	0.5741444866920152	0.3776932826362484	0	0.022813688212927757	61.78471388555422
293	293	293	f2955b34a4a459d9c328661444f4d7a0	FEMALE	"25-34
"	0.652	0.88	0.927	1.067	2.874	81.53	0.413	0.723	0	0.002	53.94214407260351
294	294	294	b9b2af931646cc70cfe092af855a34d5	FEMALE	"25-34
"	0.716	0.924	0.95	0.616	3.593	94.686	0.661	0.713	0	0.011	56.663800515907134
295	295	295	381e57c515bd710858e0c452cd75b10f	MALE	"25-34
"	0.7867647058823529	0.9558823529411765	0.9705882352941176	0.38235294117647056	1.3529411764705883	73.69117647058823	0.45588235294117646	0.7205882352941176	0	0.08088235294117647	0.0
296	296	296	ff3b5da078fbccd7a0fae17c0f14192e	MALE	"65-xx
"	2.825	2.975	2.975	0.275	2.125	119.45	0.975	0.2	0	0.3	75.22935779816514
297	297	297	95de19ee54840e91536abf405e9b7114	FEMALE	"25-34
"	0.587	0.765	0.795	0.534	3.161	82.631	0.561	0.248	0	0.016	18.929765886287626
298	298	298	0f87a4b88aabdd50afb3f657d306bffe	MALE	"35-49
"	0.725	0.901	0.941	0.397	2.11	109.307	0.669	0.339	0	0.01	46.10011641443539
299	299	299	9120e3d36669937b08310ac9b2523550	FEMALE	"50-64
"	0.8266666666666667	1.04	1.0933333333333333	0.7093333333333334	2.3333333333333335	124.66533333333334	0.44666666666666666	0.41333333333333333	0	0.010666666666666666	55.94493116395495
300	300	300	d87532d35960ba9d03bae61c74c2bd1d	MALE	"25-34
"	0.6881606765327696	0.9186046511627907	0.9513742071881607	0.627906976744186	1.5010570824524312	79.75158562367865	0.4323467230443975	0.3678646934460888	0	0.007399577167019027	49.21875
301	301	301	078242a7701728828d6d98cd42f3f48e	FEMALE	"35-49
"	3.6164383561643834	3.9863013698630136	4.0	0.5205479452054794	2.835616438356164	126.0	0.5753424657534246	0.5616438356164384	0	0.2328767123287671	75.86206896551724
302	302	302	6d5873bedcf09d9753c3c908ddf452af	MALE	"18-24
"	0.5741482965931863	0.7094188376753507	0.7304609218436874	2.149298597194389	2.746492985971944	107.90581162324649	0.6342685370741483	0.33567134268537074	0	0.02004008016032064	38.47913093196112
303	303	303	5a462f6ae94aa6db98cc3998694cf051	MALE	"35-49
"	1.3	1.5666666666666667	1.6	1.0666666666666667	2.933333333333333	85.73333333333333	0.4666666666666667	0.3333333333333333	0	0.06666666666666667	0.0
304	304	304	d9386a23b5f1350819c95546acd3183b	FEMALE	"25-34
"	1.707142857142857	1.9678571428571427	2.007142857142857	0.3678571428571429	3.1214285714285714	140.68571428571428	0.6928571428571428	0.29285714285714287	0	0.05	59.53125
305	305	305	f989ee76f94165c349bfebfe2f2e35f5	FEMALE	"25-34
"	0.5283687943262412	0.601063829787234	0.624113475177305	0.5177304964539007	3.726950354609929	65.90425531914893	0.5921985815602837	0.7553191489361702	0	0.03723404255319149	0.0
306	306	306	e3a56670ae34a61476c1ebb5fab5fbd2	MALE	"18-24
"	1.12	1.22	1.22	0.6	2.44	95.96	0.8	0.56	0	0.3	0.0
307	307	307	5ed6b96a534cbddc055adae2db5c29a2	MALE	"50-64
"	1.0731319554848966	1.3783783783783783	1.4435612082670906	0.9268680445151033	4.750397456279809	135.76629570747218	0.5278219395866455	0.739268680445151	0	0.02702702702702703	58.82946518668012
308	308	308	419453e20c2a73147960a6602d014b46	FEMALE	"18-24
"	0.645	0.708	0.718	0.0	1.056	90.973	0.954	1.0	0	0.011	59.53991880920162
309	309	309	6be49c4e42b6df04b3dd76c14b6cdacc	MALE	"50-64
"	0.7001003009027081	0.839518555667001	0.8716148445336008	1.0621865596790372	2.789368104312939	84.16248746238716	0.36810431293881646	0.8114343029087262	0	0.0020060180541624875	42.9305912596401
310	310	310	bcc524d52274108ab6a17810bb2ea695	MALE	"35-49
"	0.8589595375722543	1.1745664739884394	1.215028901734104	1.2011560693641619	3.601156069364162	105.83815028901734	0.423121387283237	0.7988439306358381	0	0.021965317919075144	56.539509536784735
311	311	311	7760f37131a13c5c0e9c4b7aa7f6ba5b	MALE	"50-64
"	0.28703703703703703	0.3055555555555556	0.3148148148148148	0.5185185185185185	5.092592592592593	101.70370370370371	0.6481481481481481	0.9259259259259259	0	0.12962962962962962	0.0
312	312	312	98d2fadb624ce637f63d00e46aca5fc7	FEMALE	"25-34
"	0.21723300970873785	0.24514563106796117	0.2536407766990291	0.46116504854368934	1.5	97.34708737864078	0.8567961165048543	0.11165048543689321	0	0.007281553398058253	0.0
313	313	313	43d7f732e9da60bc1d8f13294c3a3f1c	FEMALE	"35-49
"	0.339	0.422	0.438	0.902	1.919	71.437	0.306	0.575	0	0.013	47.40608228980322
314	314	314	ddd2f9d10aab42acefcfb55ca5572bf7	MALE	"35-49
"	0.625	0.7232142857142857	0.7351190476190477	0.35119047619047616	1.4464285714285714	94.00297619047619	0.31547619047619047	0.34226190476190477	0	0.017857142857142856	52.94117647058824
315	315	315	7223f159cf51aa7dfebf0eabe85c79fe	MALE	"50-64
"	0.5187224669603524	0.5947136563876652	0.6079295154185022	0.32819383259911894	2.015418502202643	81.931718061674	0.7048458149779736	0.43612334801762115	0	0.007709251101321586	0.0
316	316	316	7f752af96266ae83b25cdeaa89c215d5	FEMALE	"50-64
"	1.314769975786925	1.5205811138014529	1.576271186440678	0.3389830508474576	2.0871670702179177	117.30750605326877	0.864406779661017	0.4745762711864407	0	0.026634382566585957	64.17910447761194
317	317	317	d5cf33e5fbfcb2571c1bf03cfbb04872	FEMALE	"18-24
"	0.9844357976653697	1.245136186770428	1.3372243839169908	0.77431906614786	2.4747081712062258	100.27626459143968	0.7003891050583657	0.47341115434500647	0	0.014267185473411154	63.33333333333333
318	318	318	a0a70d414e0a11076419e96dfb3c84f4	MALE	"25-34
"	0.9429928741092637	1.2862232779097387	1.338479809976247	0.36223277909738716	3.7529691211401426	102.6852731591449	0.7399049881235155	0.7137767220902613	0	0.019002375296912115	55.6420233463035
319	319	319	810f2877bbc00c8a4f3ed47278b639d0	MALE	"50-64
"	1.1	1.2454545454545454	1.2545454545454546	0.9454545454545454	2.4909090909090907	97.2	0.38181818181818183	0.6909090909090909	0	0.08181818181818182	0.0
320	320	320	4e3cbdeeccfe7c5dd61d0b3b73444d69	MALE	"25-34
"	0.5812064965197216	0.6786542923433875	0.7041763341067285	0.16473317865429235	1.1102088167053363	78.1508120649652	0.8921113689095128	0.7459396751740139	0	0.01160092807424594	59.20461834509301
321	321	321	01b8aa99619675cae4355aa8af09bd12	MALE	"25-34
"	0.0	0.0	0.0	0.0	0.0	0.0	0.0	0.0	0	0.0	0.0
322	322	322	49182c21ede1dd536d3c2f380685c6df	FEMALE	"25-34
"	0.7453798767967146	0.973305954825462	1.0308008213552362	0.21149897330595482	2.940451745379877	101.57186858316221	0.7607802874743327	0.9291581108829569	0	0.012320328542094456	63.609467455621306
323	323	323	e2f4c96d4eb90498ded022b3041fdbce	FEMALE	"25-34
"	0.5600425079702445	0.6695005313496281	0.6865037194473964	0.6174282678002125	4.320935175345377	99.21360255047821	0.7895855472901169	0.8278427205100957	0	0.028692879914984058	55.891719745222936
324	324	324	f5abf96f244c876d17ecf69863cb0abb	FEMALE	"35-49
"	0.2857142857142857	0.30952380952380953	0.30952380952380953	0.7777777777777778	0.7380952380952381	89.27777777777777	0.7619047619047619	0.5476190476190477	0	0.07142857142857142	0.0
325	325	325	3b05acf07f6f03715ab66eaf2a3b5d04	FEMALE	"35-49
"	1.5029239766081872	1.7426900584795322	1.8157894736842106	0.19298245614035087	2.1198830409356724	96.59649122807018	0.6871345029239766	0.4064327485380117	0	0.07017543859649122	58.348457350272234
326	326	326	7770144c0f68bb53d65893ef9f05c343	MALE	"35-49
"	0.7264050901378579	0.9459172852598091	0.9798515376458112	0.7465535524920467	2.652173913043478	86.41781548250265	0.3997879109225875	0.7285259809119831	0	0.006362672322375398	54.774193548387096
327	327	327	0e91b48c555a06bb5c3517fad35fd745	FEMALE	"50-64
"	0.7413441955193483	0.9470468431771895	0.9694501018329938	0.24439918533604887	4.805498981670061	127.95621181262729	0.7138492871690427	0.6425661914460286	0	0.024439918533604887	56.45994832041343
328	328	328	29cdd0433aa9743c6f26ef88e45dd465	MALE	"25-34
"	2.4705882352941178	2.823529411764706	2.849673202614379	0.3790849673202614	2.5359477124183005	89.12418300653594	0.6862745098039216	0.5555555555555556	0	0.0392156862745098	74.64788732394366
329	329	329	79a78fcce2bb2235c640192dbc842942	FEMALE	"25-34
"	1.1571428571428573	1.2428571428571429	1.2571428571428571	0.5142857142857142	2.4285714285714284	90.42857142857143	0.6285714285714286	0.2857142857142857	0	0.18571428571428572	0.0
330	330	330	11f686a3a2db1c5974e73d07088b4045	FEMALE	"25-34
"	1.5524861878453038	1.7624309392265194	1.8121546961325967	0.39779005524861877	2.911602209944751	84.59668508287292	0.4696132596685083	0.6961325966850829	0	0.07734806629834254	67.70642201834862
331	331	331	554b6684f8ff7bd40b89696d70226ec9	MALE	"35-49
"	0.45652173913043476	0.4673913043478261	0.4673913043478261	2.5869565217391304	1.391304347826087	101.23913043478261	0.5217391304347826	0.34782608695652173	0	0.06521739130434782	0.0
332	332	332	6c2da2695dc7f933c425842d9a0b364e	FEMALE	"25-34
"	0.8738738738738738	1.1385135135135136	1.2556306306306306	1.6002252252252251	3.5112612612612613	125.74887387387388	0.8209459459459459	0.44144144144144143	0	0.015765765765765764	61.32740081572117
333	333	333	b4bb7a11967b660ecc4f4ef1cf6b6827	MALE	"50-64
"	0.7237237237237237	0.8538538538538538	0.8618618618618619	0.8028028028028028	3.3553553553553552	116.7977977977978	0.6016016016016016	0.6206206206206206	0	0.014014014014014014	42.814877430262044
334	334	334	48b8caa90e5481c56928e08fc100b8ad	FEMALE	"18-24
"	1.211243611584327	1.5127768313458263	1.555366269165247	0.7086882453151618	3.0391822827938673	120.54684838160136	0.8500851788756388	0.3543441226575809	0	0.03236797274275979	63.53700943864878
335	335	335	ca75d60a9ff2c98b575535212f338b6a	MALE	"35-49
"	0.8730964467005076	1.185786802030457	1.2243654822335026	1.0467005076142133	3.7604060913705584	110.54111675126903	0.2598984771573604	0.749238578680203	0	0.023350253807106598	58.668382116436156
336	336	336	f9aaf0e979eda888db209a8f457ce7d7	FEMALE	"35-49
"	0.527027027027027	0.5912162162162162	0.6047297297297297	1.087837837837838	3.527027027027027	57.92567567567568	0.21621621621621623	0.6756756756756757	0	0.07432432432432433	0.0
337	337	337	459cac479aa5d1b353a8700668c284d2	FEMALE	"25-34
"	0.8727544910179641	1.1497005988023952	1.221556886227545	1.81437125748503	3.998502994011976	118.86826347305389	0.4940119760479042	0.6736526946107785	0	0.019461077844311378	55.3030303030303
338	338	338	9286dd073b9ef429c97ba2426f626f3c	MALE	"35-49
"	1.36864406779661	1.6758474576271187	1.7139830508474576	0.8347457627118644	4.02542372881356	106.74152542372882	0.4067796610169492	0.6483050847457628	0	0.014830508474576272	64.02763018065887
339	339	339	cb9088be965f6ef60167811b4911d083	MALE	"25-34
"	1.4854651162790697	1.75	1.802325581395349	0.43023255813953487	1.5087209302325582	94.54069767441861	0.6715116279069767	0.49709302325581395	0	0.020348837209302327	68.7279151943463
340	340	340	22eaab35cdaada21db43d2bbf100bfb5	FEMALE	"35-49
"	1.515625	1.640625	1.78125	1.0625	3.1875	112.5625	0.78125	0.53125	0	0.1875	0.0
341	341	341	0e705bd5681da1f5670ddfa14ef21aa8	FEMALE	"50-64
"	0.7450980392156863	0.9008073817762399	0.9504036908881199	0.7727797001153403	1.9480968858131489	118.07035755478663	0.8050749711649365	0.6528258362168397	0	0.02306805074971165	61.10787172011661
342	342	342	a85114b4570c74d002b9e86c64147146	FEMALE	"25-34
"	1.1842105263157894	1.3157894736842106	1.3157894736842106	0.15789473684210525	2.263157894736842	86.63157894736842	0.7894736842105263	0.5263157894736842	0	0.05263157894736842	0.0
343	343	343	638475f75a7f842d4ce14e690012a5cf	FEMALE	"50-64
"	1.0897755610972568	1.2618453865336658	1.3241895261845387	0.38902743142144636	5.117206982543641	145.01745635910225	0.8553615960099751	0.2144638403990025	0	0.0199501246882793	63.0071599045346
344	344	344	3144ae112ee6cda80d9fa54c824f54db	MALE	"18-24
"	0.7756410256410257	0.9615384615384616	1.0021367521367521	1.2168803418803418	3.467948717948718	112.34294871794872	0.5822649572649573	0.5566239316239316	0	0.018162393162393164	60.503040353786616
345	345	345	8bdcb9d1c008715c740c147dd0d5431c	MALE	"50-64
"	0.39156626506024095	0.43373493975903615	0.43855421686746987	0.7349397590361446	2.3771084337349397	96.27710843373494	0.6397590361445783	0.5156626506024097	0	0.008433734939759036	65.50037622272386
346	346	346	89e28784c0c0c2236124a934f54c4e04	MALE	"35-49
"	1.3181818181818181	1.5	1.5	0.8181818181818182	3.090909090909091	91.0	0.6363636363636364	0.2727272727272727	0	0.6818181818181818	0.0
347	347	347	7884fd1f622ff26469115316e9daf9eb	MALE	"25-34
"	0.7665330661322646	1.0090180360721444	1.1072144288577155	0.6913827655310621	2.9128256513026054	88.5561122244489	0.6623246492985972	0.4028056112224449	0	0.0070140280561122245	56.644188813962714
348	348	348	c302071b69a64d5107d2441036e48d9e	FEMALE	"50-64
"	0.36596736596736595	0.3951048951048951	0.3986013986013986	0.026806526806526808	1.0675990675990676	100.41142191142191	0.5944055944055944	0.42074592074592077	0	0.005827505827505828	60.67323481116584
349	349	349	2045de9e2f46e9dad1bd91c14aa85d0b	MALE	"35-49
"	0.657	0.818	0.841	0.307	2.04	116.099	0.523	0.719	0	0.022	48.870636550308014
350	350	350	a55163ccf6ce0bcd13c80ee7e5ceebcd	FEMALE	"25-34
"	2.323529411764706	2.7941176470588234	2.9	0.27647058823529413	3.411764705882353	113.57058823529412	0.7	0.7764705882352941	0	0.1	66.83417085427136
351	351	351	b286c3c4fcba5c03aabaf82c11a6f7c7	MALE	"18-24
"	1.4779874213836477	1.7767295597484276	1.8018867924528301	0.5314465408805031	3.493710691823899	95.91509433962264	0.559748427672956	0.4811320754716981	0	0.03459119496855346	65.89002795899349
352	352	352	36ed860abcea25a27515046356190a6d	FEMALE	"35-49
"	0.9079102715466352	1.1428571428571428	1.1759149940968123	0.4899645808736718	3.0342384887839433	95.8961038961039	0.6611570247933884	0.7072018890200709	0	0.018890200708382526	58.76242095754291
353	353	353	3436004077b339b79d9df8e7b057b7cf	MALE	"50-64
"	0.525	0.585	0.607	1.488	2.349	117.764	0.895	0.388	0	0.012	19.235836627140976
354	354	354	e15e1e0e5c33ec5e986f814f5839a1de	FEMALE	"35-49
"	1.009933774834437	1.1390728476821192	1.1655629139072847	1.185430463576159	3.3973509933774833	116.10596026490066	0.6357615894039735	0.3509933774834437	0	0.046357615894039736	0.0
355	355	355	d30d7f616657ab089bade1ca4f8c62e7	MALE	"25-34
"	1.3203883495145632	1.5	1.5194174757281553	0.33980582524271846	2.3009708737864076	121.49514563106796	0.6310679611650486	0.4077669902912621	0	0.024271844660194174	0.0
356	356	356	0ef219e0b58829a60b2332516489e95e	MALE	"25-34
"	0.9339080459770115	1.0977011494252873	1.1120689655172413	0.3505747126436782	2.396551724137931	132.25862068965517	0.603448275862069	0.3160919540229885	0	0.04310344827586207	0.0
357	357	357	7ac5b529d83a03ad9dc192c32943fd0a	FEMALE	"25-34
"	1.4477611940298507	1.7686567164179106	1.787313432835821	0.6194029850746269	1.5597014925373134	66.91417910447761	0.4291044776119403	0.6194029850746269	0	0.022388059701492536	64.08010012515645
358	358	358	ff135897af8e6cf845783f70df56a7ca	MALE	"35-49
"	0.752	0.992	1.021	0.418	2.411	87.501	0.668	0.32	0	0.015	57.83882783882785
359	359	359	d098f4dc43d5c4768056c2dc8e1b5328	MALE	"50-64
"	0.8083756345177665	1.0	1.0203045685279188	1.2588832487309645	5.623096446700508	131.54060913705584	0.2296954314720812	0.3210659898477157	0	0.015228426395939087	52.97644539614561
360	360	360	f4c9374590b0197811a990a727ce50f5	FEMALE	"25-34
"	0.8491965389369592	1.0630407911001236	1.0902348578491965	0.5784919653893696	2.9715698393077874	90.54264524103831	0.4857849196538937	0.5290482076637825	0	0.004944375772558714	58.12854442344045
361	361	361	c8991753dc81f5ec9bf1b8a7137aa6a2	MALE	"35-49
"	1.2435897435897436	1.3076923076923077	1.3461538461538463	0.46153846153846156	1.7692307692307692	166.71794871794873	0.9487179487179487	0.02564102564102564	0	0.07692307692307693	0.0
362	362	362	a882cbfa5477e22a082c5b0c0c288dfb	FEMALE	"18-24
"	0.14007782101167315	0.1517509727626459	0.1517509727626459	1.1634241245136188	1.575875486381323	37.84824902723735	0.1556420233463035	0.29571984435797666	0	0.007782101167315175	0.0
363	363	363	90fa8913485a500e43dc5913aebdfaa6	MALE	"35-49
"	0.792	0.961	0.98	0.035	1.802	100.614	0.797	0.841	0	0.015	58.75745875745876
364	364	364	6300ad90bbcee31349ffa0a071ca2041	FEMALE	"25-34
"	0.0	0.0	0.0	0.0	0.0	0.0	0.0	0.0	0	0.0	0.0
365	365	365	7558c64da7ef50a8213d98943238535d	MALE	"35-49
"	0.7077464788732394	0.8215962441314554	0.8321596244131455	0.744131455399061	3.5892018779342725	95.8755868544601	0.6408450704225352	0.5727699530516432	0	0.007042253521126761	0.0
366	366	366	7d907696792f2ffebe9eb6fc7448ee4f	FEMALE	"25-34
"	0.6466876971608833	0.8002103049421662	0.8706624605678234	0.9211356466876972	3.0998948475289168	93.11251314405888	0.7455310199789695	0.804416403785489	0	0.016824395373291272	57.073954983922825
367	367	367	43fd2e9d7b3c55435a849de5c5c43f1b	FEMALE	"35-49
"	0.5376344086021505	0.5806451612903226	0.5806451612903226	1.3225806451612903	3.6451612903225805	91.74193548387096	0.5376344086021505	0.5913978494623656	0	0.0967741935483871	0.0
368	368	368	1d607940be677919cd6f08e11c7bd36f	MALE	"25-34
"	1.7463235294117647	2.051470588235294	2.0919117647058822	0.13602941176470587	3.136029411764706	154.60294117647058	0.9816176470588235	0.1875	0	0.01838235294117647	65.62795089707271
369	369	369	88933cee52db6f5c0c0f04d05fcaf614	MALE	"50-64
"	0.5746102449888641	0.6926503340757239	0.7115812917594655	1.8775055679287305	1.9387527839643652	119.62472160356347	0.8853006681514477	0.44320712694877507	0	0.012249443207126948	56.60542432195975
370	370	370	5ecd708037d82c153b3a591c20d38969	MALE	"25-34
"	1.206896551724138	1.2758620689655173	1.3103448275862069	0.3448275862068966	2.5172413793103448	108.82758620689656	0.7586206896551724	0.3448275862068966	0	0.3275862068965517	0.0
371	371	371	bf4240deea2c8a777d129e48fcba470d	MALE	"50-64
"	1.3333333333333333	1.6144578313253013	1.6726907630522088	1.6867469879518073	3.8032128514056227	141.11244979919678	0.5883534136546185	0.2931726907630522	0	0.02610441767068273	61.33412042502952
372	372	372	1cddde52f7a410427df4975fd837906f	FEMALE	"35-49
"	1.1097560975609757	1.2195121951219512	1.2317073170731707	0.7560975609756098	2.6097560975609757	94.04878048780488	0.7560975609756098	0.5853658536585366	0	0.15853658536585366	0.0
373	373	373	b88171637fa04a302e94b14402f2793a	MALE	"25-34
"	0.524	0.617	0.662	0.481	3.763	88.823	0.643	0.731	0	0.016	51.49150986691142
374	374	374	d4c7789534da23ef33ab27b410132492	MALE	"35-49
"	0.3	0.325	0.329	0.003	5.5	135.01	0.999	0.992	0	0.01	24.681933842239186
375	375	375	db557d7d8315adfe66fa285ee2d5876a	FEMALE	"35-49
"	0.28249744114636643	0.33265097236438074	0.34493346980552714	0.39508700102354144	1.6867963152507677	102.5957011258956	0.9211873080859775	0.5301944728761515	0	0.009211873080859774	45.714285714285715
376	376	376	57a2725f48fd55100e4e8d72f995405c	MALE	"25-34
"	0.782	1.026	1.042	0.776	3.468	111.453	0.476	0.432	0	0.028	46.29426798101497
377	377	377	1e654a67e38ea72384781aa29ebda03e	MALE	"35-49
"	0.800807537012113	0.9434724091520862	0.9838492597577388	0.4266487213997308	1.8963660834454912	98.33243606998654	0.7631224764468372	0.5625841184387618	0	0.005383580080753701	62.822796081923414
378	378	378	e827776a1e77b7bee940b485c5a4b5b7	MALE	"25-34
"	0.205	0.22	0.23	1.055	3.165	101.555	0.015	0.03	0	0.085	89.87854251012146
379	379	379	b9114397ca060ce9de73d8073b0c53c3	FEMALE	"35-49
"	0.7209302325581395	0.7558139534883721	0.7674418604651163	0.7441860465116279	2.186046511627907	72.3953488372093	0.7441860465116279	0.8372093023255814	0	0.05813953488372093	0.0
380	380	380	db0211bc38ed3c093992dc5128173054	MALE	"35-49
"	1.0726495726495726	1.2606837606837606	1.2991452991452992	0.1794871794871795	2.1623931623931623	87.7094017094017	0.6923076923076923	0.46153846153846156	0	0.042735042735042736	0.0
381	381	381	8a8285c8744a9c7f759a69a047437bba	FEMALE	"50-64
"	0.696927374301676	0.8142458100558659	0.8379888268156425	0.3198324022346369	1.73463687150838	76.36731843575419	0.6005586592178771	0.7108938547486033	0	0.012569832402234637	48.78892733564014
382	382	382	e669e24fa419cfa4dc1eac97179183ff	FEMALE	"25-34
"	0.49404761904761907	0.5416666666666666	0.5595238095238095	1.1428571428571428	2.0357142857142856	73.01190476190476	0.35714285714285715	0.5952380952380952	0	0.07142857142857142	0.0
383	383	383	fde67e0b9c8072fcaa52c95f0964619f	FEMALE	"35-49
"	0.7707707707707707	0.9679679679679679	0.983983983983984	0.8528528528528528	2.5045045045045047	111.31131131131131	0.6266266266266266	0.3933933933933934	0	0.02002002002002002	48.43559528646891
384	384	384	47fe62a96d93fd6ba25efb25fe7e7069	FEMALE	"25-34
"	0.6529588766298897	0.8615847542627884	0.9267803410230692	0.5546639919759278	2.205616850551655	125.06218655967903	0.8345035105315948	0.7683049147442327	0	0.013039117352056168	51.80983252296056
385	385	385	29498c0afa48a739013e2a3f8c1e2937	MALE	"35-49
"	0.6835205992509363	0.7284644194756554	0.7359550561797753	0.6479400749063671	1.3932584269662922	115.1498127340824	0.9775280898876404	0.7790262172284644	0	0.03932584269662921	0.0
386	386	386	a242dd9bb6e0125a8442b762d902ffd4	MALE	"25-34
"	0.625	0.709	0.727	0.227	1.766	117.67	0.931	0.39	0	0.024	27.927063339731284
387	387	387	c14f5f6eb08d47b72bc8dae3187aad75	FEMALE	"35-49
"	0.7456140350877193	0.8421052631578947	0.8771929824561403	0.7719298245614035	1.3157894736842106	98.21052631578948	0.9122807017543859	0.2807017543859649	0	0.03508771929824561	0.0
388	388	388	3373639b1d50d755c03c02cd9b93b720	MALE	"35-49
"	0.8629834254143647	1.0696132596685084	1.1049723756906078	0.7535911602209945	3.196685082872928	109.11933701657459	0.6751381215469613	0.7237569060773481	0	0.019889502762430938	54.730831973898866
389	389	389	85682013120aee589c5a11b83233ae44	FEMALE	"18-24
"	0.9115281501340483	1.1997319034852547	1.239946380697051	1.1447721179624666	3.1420911528150133	129.8337801608579	0.7694369973190348	0.2613941018766756	0	0.020107238605898123	59.06113537117904
390	390	390	066df9d2383e006d1bf69f0e27732988	MALE	"35-49
"	0.8159574468085107	0.9638297872340426	0.9882978723404255	0.35212765957446807	1.6563829787234043	128.7063829787234	0.7468085106382979	0.16170212765957448	0	0.01276595744680851	58.54014598540146
391	391	391	53a6d1bb405f70090c273ae932b9d37b	MALE	"25-34
"	0.7411526794742164	0.9282103134479271	0.942366026289181	0.8149646107178968	1.78159757330637	84.80182002022245	0.2861476238624874	0.3518705763397371	0	0.01314459049544995	51.68393782383419
392	392	392	e86428603dee9d01aa5f7abebb851ef7	FEMALE	"25-34
"	0.7037037037037037	0.9159159159159159	0.954954954954955	1.013013013013013	2.925925925925926	104.33733733733733	0.24124124124124124	0.7487487487487487	0	0.008008008008008008	37.776517300056724
393	393	393	242901098f6f77364668c3a2466a6d01	MALE	"25-34
"	0.722	0.9	0.919	0.492	3.704	75.892	0.591	0.693	0	0.008	44.345794392523366
394	394	394	aa36a339f30cc056a8137180cdf5d4ef	MALE	"35-49
"	1.5	1.6888888888888889	1.7444444444444445	0.6888888888888889	3.688888888888889	112.33333333333333	0.8666666666666667	0.6222222222222222	0	0.1	0.0
395	395	395	60f601460f83a4adac3ee69528bea01c	FEMALE	"35-49
"	1.462962962962963	1.6481481481481481	1.6666666666666667	1.1481481481481481	3.259259259259259	95.51851851851852	0.5925925925925926	0.5555555555555556	0	0.2962962962962963	0.0
396	396	396	0dc2a3cd1ce3422a2c49942e9f44b734	MALE	"25-34
"	2.276315789473684	2.539473684210526	2.5526315789473686	0.11842105263157894	1.0263157894736843	101.14473684210526	0.7631578947368421	0.5263157894736842	0	0.14473684210526316	69.57928802588997
397	397	397	3bb08fb1b8b3d0d35bd70e1753840d2c	MALE	"35-49
"	0.653	0.726	0.734	0.039	2.268	110.544	0.482	0.539	0	0.012	36.58170914542729
398	398	398	3be3cfa5d33e6eb8fe57736317fed8d3	FEMALE	"35-49
"	0.2962962962962963	0.33127572016460904	0.345679012345679	1.2839506172839505	1.2469135802469136	118.440329218107	0.934156378600823	0.1111111111111111	0	0.0205761316872428	0.0
399	399	399	9cd2cf92e17ea5ff443b5fdfc115f651	FEMALE	"35-49
"	0.8736979166666666	1.03125	1.0611979166666667	0.94921875	3.3151041666666665	147.56770833333334	0.8463541666666666	0.20442708333333334	0	0.014322916666666666	68.5747214752209
400	400	400	96f5135be8b958006946821b351a1d80	FEMALE	"35-49
"	1.0509383378016086	1.2882037533512065	1.324396782841823	0.4410187667560322	3.454423592493298	112.9651474530831	0.5683646112600537	0.4691689008042895	0	0.013404825737265416	55.681374463100354
401	401	401	95290012090969ed4e58ab1a9ff6c342	FEMALE	"35-49
"	0.781	0.962	0.985	0.274	2.278	136.414	0.85	0.616	0	0.016	51.16678105696637
402	402	402	b45f9ab47566e706a81d45ef5adc981c	MALE	"25-34
"	2.8219178082191783	3.1232876712328768	3.136986301369863	0.1643835616438356	3.3698630136986303	122.78082191780823	0.0821917808219178	0.3013698630136986	0	0.273972602739726	83.29466357308584
403	403	403	20bf285bfb69897524b8c444a8ca197d	MALE	"25-34
"	0.96	1.1044444444444443	1.1511111111111112	0.34	1.98	117.26666666666667	0.92	0.6688888888888889	0	0.035555555555555556	57.470210815765356
404	404	404	fd4b49dd6437c1f36958c0dd4abfa400	FEMALE	"25-34
"	0.7522522522522522	0.8355855855855856	0.8400900900900901	0.1036036036036036	2.68018018018018	95.7072072072072	0.8648648648648649	0.5135135135135135	0	0.013513513513513514	0.0
405	405	405	2d7492af9cb4952640c2a7c7bdfd0510	FEMALE	"35-49
"	0.7480916030534351	0.8396946564885496	0.8568702290076335	1.2671755725190839	1.9274809160305344	138.68702290076337	0.7709923664122137	0.17557251908396945	0	0.022900763358778626	0.0
406	406	406	c7ad6c96208a6ecf83542130321074ad	MALE	"35-49
"	0.11313868613138686	0.12408759124087591	0.12408759124087591	8.313868613138686	1.5255474452554745	116.4087591240876	0.014598540145985401	0.3722627737226277	0	0.032846715328467155	0.0
407	407	407	f677a164b16096fc2eb3af86694da8ac	MALE	"25-34
"	0.9510086455331412	1.1051873198847262	1.122478386167147	0.4495677233429395	2.7694524495677233	140.62824207492795	0.7550432276657061	0.2723342939481268	0	0.03170028818443804	54.509458864936214
408	408	408	04f61066fd67af6ab686e6b1d7501b72	MALE	"35-49
"	0.675	0.774	0.795	0.094	3.106	115.171	0.728	0.099	0	0.012	46.90939881456393
409	409	409	fcd1dd36faf537bc4bbe81f2071f8a0b	MALE	"25-34
"	0.60431654676259	0.7326139088729017	0.7589928057553957	0.22541966426858512	2.563549160671463	110.1990407673861	0.5347721822541966	0.4676258992805755	0	0.026378896882494004	0.0
410	410	410	9fccd14981cc04ff92a399dbfee1a0b7	FEMALE	"35-49
"	1.1444241316270567	1.4351005484460695	1.4606946983546618	0.6946983546617916	2.707495429616088	86.59049360146253	0.5027422303473492	0.7020109689213894	0	0.02010968921389397	63.80778588807786
411	411	411	6e602536dfb72bb2c881fd25e6a92f46	MALE	"25-34
"	1.2181818181818183	1.3363636363636364	1.3454545454545455	0.32727272727272727	1.6	66.03636363636363	0.509090909090909	0.2727272727272727	0	0.18181818181818182	0.0
412	412	412	76b6283d82da63a42ae8a42e7da628ec	FEMALE	"35-49
"	0.8185328185328186	1.0836550836550836	1.138996138996139	0.7284427284427284	2.967824967824968	113.45302445302445	0.6332046332046332	0.6962676962676962	0	0.03088803088803089	49.04862579281184
413	413	413	e2e77ba41052044b90d7021d9bff9061	FEMALE	"35-49
"	0.0	0.0	0.0	0.0	0.0	0.0	0.0	0.0	0	0.0	0.0
414	414	414	93ba37e2c4ecdf213ac11c17ad8f6659	MALE	"35-49
"	0.6597222222222222	0.7256944444444444	0.7673611111111112	1.2291666666666667	3.5	107.83333333333333	0.8263888888888888	0.6805555555555556	0	0.03125	0.0
415	415	415	1ded9ce40c1121d88ce1e1d3c5386d44	FEMALE	"25-34
"	0.7475247524752475	0.8168316831683168	0.8168316831683168	0.32673267326732675	3.3069306930693068	93.99009900990099	0.4752475247524752	0.45544554455445546	0	0.04950495049504951	0.0
416	416	416	d838b5d5c3cd62b2ad503b53cbc1f90f	FEMALE	"50-64
"	0.5555555555555556	0.6111111111111112	0.6111111111111112	0.6666666666666666	0.8148148148148148	87.62962962962963	0.5925925925925926	0.7037037037037037	0	0.18518518518518517	0.0
417	417	417	52dc60bfa48c6f31d8ccf8124abe5339	FEMALE	"50-64
"	0.601	0.751	0.788	0.472	1.968	97.948	0.828	0.495	0	0.01	40.84791386271871
418	418	418	eca9ffb3d1a2e0ccea0e5f4a28d80e32	MALE	"25-34
"	0.636	0.824	0.839	0.85	2.977	99.106	0.256	0.407	0	0.017	34.77694562031912
419	419	419	1fb12bfda490189c83e727a788c065ce	FEMALE	"35-49
"	2.75968992248062	3.124031007751938	3.1782945736434107	1.0930232558139534	4.062015503875969	133.30232558139534	0.7209302325581395	0.4883720930232558	0	0.17829457364341086	75.26041666666666
420	420	420	9c66f13c8038d9cec5fd2a754d959c2f	FEMALE	"50-64
"	0.8926056338028169	1.0616197183098592	1.0862676056338028	0.30985915492957744	2.2746478873239435	96.61619718309859	0.6795774647887324	0.426056338028169	0	0.01936619718309859	0.0
421	421	421	751221978067db4e4cecef07c1763f2c	FEMALE	"35-49
"	0.705	0.887	0.951	0.571	4.112	103.895	0.854	0.726	0	0.01	49.101796407185624
422	422	422	780a57a7ecdb4ecbdcaf20e0435de9ff	FEMALE	"35-49
"	0.727	1.015	1.082	0.088	3.055	111.514	0.94	0.973	0	0.015	50.58651026392962
423	423	423	25870981b463d9b45361330190d60f53	MALE	"25-34
"	0.2961783439490446	0.3343949044585987	0.3343949044585987	0.6114649681528662	1.9235668789808917	63.18471337579618	0.46496815286624205	0.2802547770700637	0	0.025477707006369428	0.0
424	424	424	80d92cf1ea27e001428c05bed7de7aae	MALE	"50-64
"	0.393	0.428	0.431	0.028	1.24	62.496	0.967	0.966	0	0.007	31.688963210702344
425	425	425	5f29914eb034d37c58a4c06e8eae0bc9	FEMALE	"50-64
"	0.7567567567567568	0.8288288288288288	0.8288288288288288	0.8108108108108109	1.8288288288288288	59.666666666666664	0.22522522522522523	0.4864864864864865	0	0.07207207207207207	81.55339805825243
426	426	426	b0d2501202d406fd07ab84db6f751543	MALE	"50-64
"	0.6976241900647948	0.8520518358531317	0.8671706263498921	0.28293736501079914	3.1339092872570196	112.40388768898488	0.7775377969762419	0.755939524838013	0	0.01511879049676026	0.0
427	427	427	862463c413570ea28c694a9fa06a6599	MALE	"25-34
"	0.1875	0.2159090909090909	0.2159090909090909	0.5568181818181818	2.5454545454545454	64.95454545454545	0.9318181818181818	0.9886363636363636	0	0.05113636363636364	0.0
428	428	428	ba60ddef7a784f9d15793b264e107098	FEMALE	"35-49
"	0.6400437636761488	0.7527352297592997	0.7724288840262582	0.21444201312910285	2.9080962800875274	106.82275711159737	0.7221006564551422	0.3982494529540481	0	0.02516411378555799	0.0
429	429	429	c7f27de09c6515fd61f8c97cf79ac03a	FEMALE	"25-34
"	0.7577577577577578	1.026026026026026	1.0660660660660661	0.3233233233233233	2.7827827827827827	117.009009009009	0.7127127127127127	0.44044044044044045	0	0.021021021021021023	58.04924242424242
430	430	430	5818f51ee3e32cd9a47c2d21c5170dac	MALE	"35-49
"	0.6188524590163934	0.6598360655737705	0.6721311475409836	0.9098360655737705	1.9098360655737705	111.44262295081967	0.6557377049180327	0.4098360655737705	0	0.09836065573770492	0.0
431	431	431	e8bf104a939e52e12f33bbdd95625343	FEMALE	"25-34
"	2.823529411764706	3.2745098039215685	3.2941176470588234	2.607843137254902	3.6470588235294117	149.72549019607843	0.6666666666666666	0.35294117647058826	0	0.35294117647058826	80.2919708029197
432	432	432	146bcb261292b6ae2c3416fdc3ed5c81	MALE	"18-24
"	1.2857142857142858	1.5	1.5357142857142858	0.5714285714285714	4.214285714285714	105.07142857142857	0.4642857142857143	0.7142857142857143	0	0.2857142857142857	0.0
433	433	433	1cde167d4ef11594215f873acdbe6f50	FEMALE	"50-64
"	2.9176470588235293	3.1294117647058823	3.164705882352941	0.023529411764705882	3.176470588235294	125.02352941176471	0.8823529411764706	0.49411764705882355	0	0.23529411764705882	68.50094876660341
434	434	434	f18d7e12e5b5ea1ef326a3cb7ac93af0	MALE	"35-49
"	0.5232018561484919	0.6438515081206496	0.6508120649651972	0.8584686774941995	2.1693735498839906	105.32482598607889	0.6519721577726219	0.3665893271461717	0	0.013921113689095127	0.0
435	435	435	a6d5c1dc7657c9fd0bfb87bdc0376355	FEMALE	"25-34
"	0.45714285714285713	0.5	0.5	1.3142857142857143	2.1714285714285713	91.88571428571429	0.5142857142857142	0.34285714285714286	0	0.15714285714285714	0.0
